prompt,reference,generation_baseline,generation_function_vector,bleu_baseline,bleu_function_vector,chrf_baseline,chrf_function_vector,function_vector_lang,bleu_function_vector_lang,chrf_function_vector_lang
"Q: Питтман допустил предположение, что в ситуации не будет положительных изменений до будущей неделе.
A:", Pittman suggested that conditions wouldn't improve until sometime next week., Pittman suggested that there would be no positive changes in the situation until next week., Pittman made the assumption that there would be no positive changes in the situation until the following week.,27.694132751313415,5.684653076227407,50.48577497446767,30.337279699663178,eng_Latn,5.684653076227407,30.337279699663178
"Q: Каждый из этих кочевых набегов или походов длится примерно 17 дней.
A:", Each of these nomadic rampages or marches lasts for approximately 17 days., Each of these nomadic raids or campaigns lasts about 17 days., Each of these nomadic raids or campaigns lasts about 17 days.,32.22538601891173,32.22538601891173,51.66126540848599,51.66126540848599,eng_Latn,32.22538601891173,51.66126540848599
"Q: Разные конструкции предоставляют различные возможности, являются чувствительными к разным длинам волн и имеют разную степень остроты. Кроме того, они требуют разной обработки для того, чтобы понимать вводимые данные и разные числа для оптимального функционирования.
A:"," The different constructions have different capabilities, are sensitive to different wave-lengths and have differing degrees of acuity, also they require different processing to make sense of the input and different numbers to work optimally."," Different constructions provide different opportunities, are sensitive to different wavelengths and have different degrees of sharpness. In addition, they require different processing to understand the input data and different numbers for optimal operation."," Different constructions provide different capabilities, are sensitive to different wavelengths, and have different degrees of sharpness. In addition, they require different processing to understand the input data and different numbers for optimal operation.",24.701031708511245,30.130193733634272,64.78936827478395,68.01657617040595,eng_Latn,30.130193733634272,68.01657617040595
"Q: Согласно прогнозам, тайфун движется в сторону Китая со скоростью одиннадцать километров в час.
A:", The typhoon is estimated to be moving toward China at eleven kph.," According to the forecast, the typhoon is moving towards China at a speed of eleven kilometers per hour."," According to forecasts, the typhoon is moving towards China at a speed of eleven kilometers per hour.",13.796620851017114,13.796620851017114,47.37321255350715,47.76965262255381,eng_Latn,13.796620851017114,47.76965262255381
"Q: Масса не будет нигде участвовать, по крайней мере, до конца сезона 2009 года.
A:", Massa is due to be out for at least the rest of the 2009 season.," Massa will not be involved anywhere, at least until the end of the season 2009."," Mass will not be involved anywhere, at least until the end of the 2009 season.",8.225964699966553,26.22067643618597,37.00674238272747,46.20778938766368,eng_Latn,26.22067643618597,46.20778938766368
"Q: Одной из сильных сторон Шарлотта (штат Северная Каролина) является то, что он обладает огромным количеством высококлассных вариантов для семейного отдыха.
A:"," One of strong points of Charlotte, North Carolina, is that it has an abundance of high-quality options for families.", One of the strong points of Charlotte (North Carolina) is that it has a huge number of high-class options for family recreation., One of Charlotte's (North Carolina) strong points is that it has a huge number of high-class options for family entertainment.,24.25232850823367,17.21916742076807,62.31569556528793,58.065710392534854,eng_Latn,17.21916742076807,58.065710392534854
"Q: Из-за этого сложно использовать недорогие объективы в условиях слабого освещения без вспышки.
A:", This makes inexpensive zoom lenses hard to use in low-light conditions without a flash.," Because of this, it is difficult to use inexpensive lenses in low light conditions without a flash."," Because of this, it is difficult to use inexpensive lenses in low light conditions without a flash.",29.883097780540865,29.883097780540865,60.54053694718292,60.54053694718292,eng_Latn,29.883097780540865,60.54053694718292
"Q: Как правило, наследник престола шел в армию сразу после окончания школы.
A:"," Traditionally, the heir to the throne would go straight into the military after finishing school."," As a rule, the heir to the throne went to the army immediately after finishing school.", The heir to the throne usually went into the army immediately after finishing school.,48.608898384856154,39.94935733815803,55.507607571057946,54.93157291309263,eng_Latn,39.94935733815803,54.93157291309263
"Q: Клетка является самой маленькой структурной и функциональной единицей живого организма (существ).
A:", A cell is the smallest structural and functional unit of a living (things) organism., The cell is the smallest structural and functional unit of a living organism (creature)., The cell is the smallest structural and functional unit of a living organism (creatures).,65.2060936430568,65.2060936430568,80.18846207740557,80.37014151287478,eng_Latn,65.2060936430568,80.37014151287478
"Q: Ведущие исследователи утверждают, что он может помочь в раннем выявлении рака, туберкулеза, ВИЧ и малярии у пациентов в странах с низким уровнем дохода, где показатели выживаемости при таких болезнях, как рак молочной железы, могут быть в два раза ниже, чем в более богатых странах.
A:"," Lead researchers say this may bring early detection of cancer, tuberculosis, HIV and malaria to patients in low-income countries, where the survival rates for illnesses such as breast cancer can be half those of richer countries."," Leading researchers claim that it can help in the early detection of cancer, tuberculosis, HIV and malaria in patients in low-income countries where survival rates for diseases such as breast cancer can be twice as low as in richer countries."," Leading researchers say it could help in the early detection of cancer, tuberculosis, HIV and malaria in patients in low-income countries, where survival rates for diseases such as breast cancer can be twice as low as in wealthier nations.",53.36590337054439,52.63926095748521,71.16792549669854,70.36563003878314,eng_Latn,52.63926095748521,70.36563003878314
"Q: Германия дала наступлению кодовое название ""Операция ""Морской лев"""". Британская армия потеряла большинство своих тяжелых вооружений и припасов во время эвакуации из Дюнкерка и была довольно слаба.
A:"," Germany code-named the attack “Operation Sealion”. Most of the British Army's heavy weapons and supplies had been lost when it evacuated from Dunkirk, so the army was fairly weak."," Germany gave the offensive the code name ""Operation Sea Lion"". The British army lost most of its heavy weapons and supplies during the evacuation from Dunkirk and was quite weak."," Germany gave the offensive the code name ""Operation Sea Lion"". The British army lost most of its heavy weapons and supplies during the evacuation from Dunkirk and was quite weak.",16.99453907850044,16.99453907850044,47.39236386979254,47.39236386979254,eng_Latn,16.99453907850044,47.39236386979254
"Q: Они не очень быстрые, поэтому в маршруте должно быть сделано большое отклонение вокруг Трансантарктических гор, чтобы достичь плато.
A:", These aren't very nimble so the trail has to take a long swerve around the Transantarctic Mountains to come onto the plateau.," They are not very fast, so a large detour around the Transantarctic Mountains must be made in the route to reach the plateau."," They are not very fast, so a large deviation around the Transantarctic Mountains must be made in the route to reach the plateau.",29.29350936910108,29.267410367842135,47.60931304851367,47.61727424529585,eng_Latn,29.267410367842135,47.61727424529585
"Q: Есть бесчисленное множество возможных вариантов, но большинство людей, говоря о посещении ""Дисней Уорлда"", все же подразумевают именно это.
A:"," There are infinite variations possible, but this remains what most people mean when they talk of ""going to Disney World""."," There are countless possible options, but most people, when talking about visiting ""Disney World"", still mean this."," There are countless possible options, but most people, when they talk about visiting ""Disney World"", still mean this.",6.082000253737811,10.11101392115011,44.83073491674416,50.33470567608849,eng_Latn,10.11101392115011,50.33470567608849
"Q: Всемирная выставка (которую часто называют просто ""Экспо"") представляет собой большой международный фестиваль искусств и науки.
A:"," A World's Fair (commonly called World Exposition, or simply Expo) is large international festival of arts and sciences."," The World's Fair (often called simply ""Expo"") is a large international festival of arts and science."," The World's Fair (often called simply ""Expo"") is a large international festival of arts and science.",31.23005695322512,31.23005695322512,59.25901258658809,59.25901258658809,eng_Latn,31.23005695322512,59.25901258658809
"Q: Перед осмотром пострадавшего вы сперва должны обследовать место происшествия, чтобы убедиться в безопасности для себя.
A:"," To Check the victim, you must first survey the scene to ensure your safety."," Before examining the victim, you must first survey the scene to ensure your safety."," Before examining the victim, you must first examine the scene to make sure it is safe for you.",80.53122030796273,29.240074556521943,86.64322067203885,52.674792476268486,eng_Latn,29.240074556521943,52.674792476268486
"Q: Английский астроном Джеремайя Хоррокс (Jeremiah Horrocks) наблюдал прохождение Венеры через несколько лет (а именно в 1639 году).
A:"," Then, a few years later in 1639, an English astronomer named Jeremiah Horrocks observed a transit of Venus.", The English astronomer Jeremiah Horrocks observed the transit of Venus several years later (namely in 1639)., English astronomer Jeremiah Horrocks (Jeremiah Horrocks) observed the passage of Venus through several years (namely in 1639).,34.294182424292906,17.950199148531414,63.59499584804852,47.67235801003164,eng_Latn,17.950199148531414,47.67235801003164
"Q: Тем не менее в мире есть очень много разных вариантов употребления кофе, которые стоит попробовать.
A:"," Nevertheless, there are many distinctive ways of drinking coffee around the world that are worth experiencing."," Nevertheless, there are many different ways to use coffee in the world that are worth trying."," There are many different ways to drink coffee in the world, which are worth trying.",45.136452233899675,6.707753523834483,58.567567869330375,38.700464975288426,eng_Latn,6.707753523834483,38.700464975288426
"Q: За последние три десятилетия, несмотря на то, что Китай официально остается коммунистическим государством, в стране развилась рыночная экономика.
A:"," During the last three decades, despite officially remaining a communist state, China has developed a market economy."," Over the last three decades, despite the fact that China officially remains a communist state, a market economy has developed in the country."," Over the last three decades, despite the fact that China officially remains a communist state, a market economy has developed in the country.",40.85187432723086,40.85187432723086,73.82107278138072,73.82107278138072,eng_Latn,40.85187432723086,73.82107278138072
"Q: Будем надеяться, что большинство людей поймут, что в долгосрочной перспективе их лучший вариант — работать вместе с другими.
A:"," Hopefully, most people will realise that their long term best option is to work together with others.", Let's hope that most people will understand that in the long run their best option is to work together with others., We hope that most people will understand that in the long run their best option is to work together with others.,40.99093841051793,45.001473167435016,65.21258557861125,65.56829163410444,eng_Latn,45.001473167435016,65.56829163410444
"Q: Фотоны даже меньше того, из чего состоят атомы!
A:", Photons are even smaller than the stuff that makes up atoms!, Photons are even smaller than the atoms they are made of!, Photons are even smaller than the atoms they are made of!,49.132705481444226,49.132705481444226,61.4576363798547,61.4576363798547,eng_Latn,49.132705481444226,61.4576363798547
"Q: Они обычно предлагают более высокую пропускную способность соединения и лучшее качество обслуживания. Они зашифрованы, что делает слежку сложнее.
A:", They normally offer higher bandwidth and better quality of service. They are encrypted and thus harder to spy on.," They usually offer higher connection bandwidth and better quality of service. They are encrypted, which makes eavesdropping more difficult."," They usually offer higher connection bandwidth and better quality of service. They are encrypted, which makes eavesdropping more difficult.",49.25866303268123,49.25866303268123,65.9527871528796,65.9527871528796,eng_Latn,49.25866303268123,65.9527871528796
"Q: Люди с таким типом мышления имеют логическое мышление, могут запоминать шаблоны, решать проблемы и работать над научными тестами.
A:"," People with this type of thinking have logical thinking, are able to memorize patterns, solve problems and work on scientific tests."," People with this type of thinking have logical thinking, can memorize patterns, solve problems and work on scientific tests."," People with this type of thinking have logical thinking, can memorize patterns, solve problems and work on scientific tests.",82.1136024032428,82.1136024032428,89.59385224271172,89.59385224271172,eng_Latn,82.1136024032428,89.59385224271172
"Q: По итогам гонки Кезеловски остается победителем Чемпионата среди гонщиков, набрав 2250 очков.
A:"," Following the race, Keselowski remains the Drivers' Championship leader with 2,250 points."," At the end of the race, Keselevsky remains the winner of the championship among drivers, scoring 2250 points."," Keselowski remains the champion of the drivers' championship, having scored 2250 points.",10.448426281447128,19.850823739068115,48.44408047760449,50.49774944404408,eng_Latn,19.850823739068115,50.49774944404408
"Q: Как правило, для пребывания в любой зарубежной стране на протяжении длительного периода времени потребуется предварительное получение визы.
A:"," In general, staying in any foreign country for an extended period of time will require you to obtain a visa in advance."," As a rule, for staying in any foreign country for a long period of time, you will need to obtain a visa in advance."," As a rule, to stay in any foreign country for a long period of time you will need to get a visa in advance.",47.32072478339363,33.93818631850679,66.69762685462877,56.95509115804834,eng_Latn,33.93818631850679,56.95509115804834
"Q: Столица Китая Пекин примет у себя зимние Олимпийские игры в 2022 году, что сделает его первым городом, принявшим у себя как летние, так и зимние Олимпийские игры.
A:"," The city of Beijing in China will be the host city of the Olympic Winter Games in 2022, which will make it the first city to have hosted both the summer and winter Olympics."," Beijing, the capital of China, will host the Winter Olympic Games in 2022, making it the first city to host both the Summer and Winter Olympic Games."," Beijing, the capital of China, will host the Winter Olympic Games in 2022, making it the first city to host both the Summer and Winter Olympic Games.",20.260983812437097,20.260983812437097,49.856991782640506,49.856991782640506,eng_Latn,20.260983812437097,49.856991782640506
"Q: Эти водоросли вырабатывают нейротоксин, который может отключить работу нервной системы как у людей, так и у рыб.
A:", The algae produces a neurotoxin that can disable nerves in both humans and fish., These algae produce a neurotoxin that can shut down the nervous system of both humans and fish., These algae produce a neurotoxin that can shut down the nervous system of both humans and fish.,40.873575197739775,40.873575197739775,65.34523778104419,65.34523778104419,eng_Latn,40.873575197739775,65.34523778104419
"Q: В начале войны они в основном передвигались по поверхности моря, но когда радары начали совершенствоваться и становились более точными, подводным лодкам пришлось уйти под воду, чтобы их не могли обнаружить.
A:"," In the beginning of the war they mostly travelled on top of the sea, but as radar began developing and becoming more accurate the submarines were forced to go under water to avoid being seen."," At the beginning of the war they mainly moved on the surface of the sea, but when radars began to improve and became more accurate, submarines had to go underwater so that they could not be detected."," At the beginning of the war they mainly moved on the surface of the sea, but when radars began to improve and became more accurate, submarines had to go underwater so that they could not be detected.",25.182408820603705,25.182408820603705,51.945746929601455,51.945746929601455,eng_Latn,25.182408820603705,51.945746929601455
"Q: Храм Артемиды в Эфесе был разрушен 21 июля 356 года до н. э. в результате акта поджога, совершённого Геростратом.
A:"," The temple of Artemis at Ephesus was destroyed on July 21, 356 BCE in an act of arson committed by Herostratus."," The Temple of Artemis in Ephesus was destroyed on July 21, 356 BC as a result of arson committed by Herostratus."," The Temple of Artemis in Ephesus was destroyed on July 21, 356 BC as a result of arson committed by Herostratus.",62.40356826033472,62.40356826033472,78.3728294758602,78.3728294758602,eng_Latn,62.40356826033472,78.3728294758602
"Q: Европейская часть Турции (Восточная Турция, или Румелия, на Балканском полуострове) охватывает 3% страны.
A:", European Turkey (eastern Thrace or Rumelia in the Balkan peninsula) includes 3% of the country.," The European part of Turkey (Eastern Turkey, or Rumelia, on the Balkan Peninsula) covers 3% of the country."," European Turkey (Eastern Turkey, or Rumelia, on the Balkan Peninsula) covers 3% of the country.",22.936436185450496,28.014634443253392,61.576322955753874,64.46204384201447,eng_Latn,28.014634443253392,64.46204384201447
"Q: Концепция заключалась в том, что все европейские страны должны стремиться не допускать, чтобы какая-либо нация стала могущественной, и поэтому национальные правительства часто переходили из одного альянса в другой, чтобы сохранить равновесие.
A:"," The concept was that all European nations had to seek to prevent one nation from becoming powerful, and thus national governments often changed their alliances in order to maintain the balance."," The concept was that all European countries should strive not to allow any nation to become powerful, and therefore national governments often switched from one alliance to another to maintain the balance."," The concept was that all European countries should strive not to allow any nation to become powerful, and therefore national governments often switched from one alliance to another to maintain the balance.",33.22683569969612,33.22683569969612,61.302831373398114,61.302831373398114,eng_Latn,33.22683569969612,61.302831373398114
"Q: Когда Сайто скончался, он был не только в прошлом олимпийским чемпионом и чемпионом мира, но и руководителем комиссии по обучению, входящей во Всеяпонскую федерацию дзюдо.
A:"," As well as a former Olympic and World champion, Saito was the All Japan Judo Federation training committee chairman at the time of his death."," When Saito died, he was not only a former Olympic champion and world champion, but also the head of the training commission of the All-Japan Judo Federation."," When Saito died, he was not only a former Olympic champion and world champion, but also the head of the training committee of the All-Japan Judo Federation.",11.269194152450027,11.755743200908038,50.03583121800278,53.17506139897324,eng_Latn,11.755743200908038,53.17506139897324
"Q: Другим известным греком является математик Пифагор, известный, главным образом, благодаря своей знаменитой теореме о соотношениях сторон прямоугольных треугольников.
A:"," Another famous Greek is a mathematician Pythagoras, mostly known for his famous theorem about relations of the sides of right triangles."," Another famous Greek is the mathematician Pythagoras, who is known mainly for his famous theorem about the ratios of the sides of right triangles."," Another famous Greek is the mathematician Pythagoras, who is famous mainly for his famous theorem about the ratios of the sides of right triangles.",58.74812720260251,58.196440502601966,79.05829106686505,77.2358188383366,eng_Latn,58.196440502601966,77.2358188383366
"Q: Дэвид О'Шаннесси, главный инспектор RSPCA в Новом Южном Уэльсе, сообщил ABC, что инспекции и наблюдения за скотобойнями в Австралии должны стать обыденностью.
A:", RSPCA New South Wales chief inspector David O'Shannessy told the ABC that surveillance and inspections of abattoirs should be commonplace in Australia.," David O'Shannessy, the chief inspector of the RSPCA in New South Wales, told ABC that inspections and monitoring of slaughterhouses in Australia should become commonplace."," David O'Shannessy, the RSPCA's chief inspector in New South Wales, told ABC that inspections and monitoring of abattoirs in Australia should be routine.",28.195174773897364,34.31159572016233,61.17811025551304,62.13873328274923,eng_Latn,34.31159572016233,62.13873328274923
"Q: Достижения Вотье помимо режиссуры включают в себя голодовку в 1973 году против того, что он считал политической цензурой.
A:", Vautier's achievements outside of directing include a hunger strike in 1973 against what he viewed as political censorship., Votye's achievements besides directing include a hunger strike in 1973 against what he considered political censorship., Achievements of Votie besides directing include a hunger strike in 1973 against what he considered political censorship.,58.87067616650094,49.508813244726134,74.12393265916249,73.18080442325294,eng_Latn,49.508813244726134,73.18080442325294
"Q: Начальник пожарной команды Скотт Коунс сказал: ""Сегодня в Санта-Кларе был жаркий день, было в районе 90 градусов.
A:"," Fire captain Scott Kouns said, ""It was a hot day in the Santa Clara with temperatures in the 90s."," The fire chief Scott Couns said: ""Today in Santa Clara was a hot day, it was about 90 degrees."," Chief Scott Couns said, ""It was a hot day in Santa Clara today, it was in the 90s.""",14.654012818983993,53.540631838984936,41.40273678157955,55.70689807460907,eng_Latn,53.540631838984936,55.70689807460907
"Q: Исключение второго предложения, которое предлагает запрет на однополые гражданские союзы, возможно, может открыть путь для гражданских союзов в будущем.
A:"," The failure of the second sentence, which proposes to ban same-sex civil unions, could possibly open the door for civil unions in the future."," The exclusion of the second sentence, which proposes a ban on same-sex civil unions, may open the way for civil unions in the future."," The exclusion of the second sentence, which proposes a ban on same-sex civil unions, may open the way for civil unions in the future.",58.0071841854459,58.0071841854459,71.56497157528959,71.56497157528959,eng_Latn,58.0071841854459,71.56497157528959
"Q: Его имя до сих пор не известно властям, хотя они знают, что он является представителем уйгурской этнической группы.
A:"," His name is still unknown to authorities, although they do know he is a member of the Uighur ethnic group."," His name is still unknown to the authorities, although they know that he is a member of the Uyghur ethnic group."," His name is still unknown to the authorities, although they know that he is a member of the Uyghur ethnic group.",60.90598953975522,60.90598953975522,82.85120193870186,82.85120193870186,eng_Latn,60.90598953975522,82.85120193870186
"Q: Они должны вести себя, как вода. Они точно такие же прозрачные, как вода.
A:"," ""It's going to behave like water. It's transparent just the way water is.", They should behave like water. They are as transparent as water., They should behave like water. They are as transparent as water.,18.134965613250426,18.134965613250426,43.71656880493653,43.71656880493653,eng_Latn,18.134965613250426,43.71656880493653
"Q: По прошествии определенного времени произошло слияние многих слов, заимствованных из немецкого языка. Так началось эпоха Просвещения.
A:"," As time passed, many words that were borrowed from German coalesced. This was the beginning of enlightenment."," After a certain period of time, many words borrowed from the German language merged. This was the beginning of the Enlightenment era."," After a certain period of time, many words borrowed from the German language merged. This was the beginning of the Enlightenment.",31.35172650051786,36.055133232914045,58.33601141249321,59.422767279769836,eng_Latn,36.055133232914045,59.422767279769836
"Q: Король Седжон был четвёртым королем из династии Чосон и одним из наиболее уважаемых.
A:", King Sejong was the fourth king of the Joseon Dynasty and is one of the most highly regarded., King Sejong was the fourth king of the Joseon Dynasty and one of the most respected., King Sejong was the fourth king of the Joseon Dynasty and one of the most respected.,71.5798316321605,71.5798316321605,77.7925195452092,77.7925195452092,eng_Latn,71.5798316321605,77.7925195452092
"Q: Обучение созданию интерактивных медиа требует как традиционных навыков, так и инструментов, освоенных на занятиях по интерактивным технологиям (раскадровка, аудио- и видеомонтаж, повествование и др.).
A:"," Learning to create interactive media requires conventional and traditional skills, as well as tools mastered in interactive classes (storyboarding, audio and video editing, story telling, etc.)"," Learning to create interactive media requires both traditional skills and tools mastered in classes on interactive technologies (storyboarding, audio and video editing, storytelling, etc.)."," Training in the creation of interactive media requires both traditional skills and tools mastered in classes on interactive technologies (storyboard, audio and video editing, storytelling, etc.).",51.40924771999408,35.251055846626954,76.28348975724562,66.11008837331211,eng_Latn,35.251055846626954,66.11008837331211
"Q: Хинди и урду имеют схожий словарный состав, но разный алфавит; в разговорах на повседневные темы говорящие на этих языках обычно могут понимать друг друга.
A:"," Hindi and Urdu are similar in vocabulary but different in script; in everyday conversations, speakers of both languages can usually understand each other."," Hindi and Urdu have a similar vocabulary, but different alphabets; in everyday conversations, speakers of these languages usually understand each other."," Hindi and Urdu have a similar vocabulary, but different alphabets; in everyday conversations, speakers of these languages usually understand each other.",48.11858826021019,48.11858826021019,71.9365525646165,71.9365525646165,eng_Latn,48.11858826021019,71.9365525646165
"Q: Теперь о Японии. Япония была островным государством, так же как и Британия.
A:"," Now for Japan. Japan was an island country, just like Britain."," Now about Japan. Japan was an island state, just like Britain."," Now about Japan. Japan was an island state, just like Britain.",62.98129992394241,62.98129992394241,73.19341110011926,73.19341110011926,eng_Latn,62.98129992394241,73.19341110011926
"Q: Маручидор финишировал самым первым, обогнав Нусу, занявшего второе место, на шесть очков.
A:"," Maroochydore had finished on top of the ladder, six points clear of Noosa in second."," Maruchidor finished first, beating Nusu, who came in second, by six points."," Maruchidor finished first, beating Nusu, who came in second, by six points.",5.635777102114365,5.635777102114365,33.02991098943463,33.02991098943463,eng_Latn,5.635777102114365,33.02991098943463
"Q: Несмотря на то, что они обычно находятся в частной собственности, иногда там принимают глав государств и других почетных гостей.
A:"," While they are usually privately owned, they sometimes accommodate visiting heads of state and other dignitaries."," Although they are usually privately owned, sometimes they host heads of state and other distinguished guests."," Despite the fact that they are usually privately owned, sometimes they host heads of state and other distinguished guests.",43.74062018435253,41.92761856401718,62.78150573189964,62.44560739607964,eng_Latn,41.92761856401718,62.44560739607964
"Q: К началу сегодняшнего дня скорость ветра достигала около 83 км/ч, и ожидалось, что она будет продолжать снижаться.
A:"," By early today, winds were around 83 km/h, and it was expect to keep weakening."," By the beginning of today, the wind speed reached about 83 km/h, and it was expected to continue to decrease."," By the start of today, the wind speed had reached about 83 km/h, and it was expected to continue to decrease.",29.885651564077445,28.755838200176385,45.88452199527731,44.93814020007627,eng_Latn,28.755838200176385,44.93814020007627
"Q: Эл Гор и генерал Томми Фрэнкс непринуждённо составили список своих любимых заголовков (у Гора это был заголовок, в котором The Onion сообщил, что у них с Типпер был лучший секс в их жизни после его поражения на выборах, по решению Коллегии выборщиков, в 2000 году).
A:", Al Gore and General Tommy Franks casually rattle off their favorite headlines (Gore's was when The Onion reported he and Tipper were having the best sex of their lives after his 2000 Electoral College defeat).," Al Gore and General Tommy Franks casually compiled a list of their favorite headlines (Gore's was the one in which The Onion reported that they had the best sex of their lives after his defeat in the 2000 election, by the Electoral College)."," Al Gore and General Tommy Franks casually compiled a list of their favorite headlines (Gore's was the one in which The Onion reported that they had the best sex of their lives after his loss in the 2000 election, by the Electoral College).",49.279051145775995,49.10858488841426,69.89246876776909,68.82122716719168,eng_Latn,49.10858488841426,68.82122716719168
"Q: Убедитесь, что вы знаете, что вы можете и не можете ввозить и задекларируйте всё, что превышает оговоренные законом пределы.
A:", Make sure you know what you can and cannot bring in and declare anything over the legal limits., Make sure you know what you can and cannot bring into the country and declare everything that exceeds the limits set by law., Make sure you know what you can and cannot bring in and declare everything that exceeds the limits set by law.,41.92761856401718,58.1562356837876,68.6932584066006,74.7572841757707,eng_Latn,58.1562356837876,74.7572841757707
"Q: Снизу она выглядит несколько пугающе, и это крутое и сложное восхождение, но большинство людей в хорошей физической форме осилят его за 45 минут.
A:"," It looks a bit daunting from below, and it is a steep and difficult ascent, but most reasonably fit persons should be able to make it in about 45 minutes."," It looks a bit scary from below, and it's a steep and difficult climb, but most people in good physical shape can do it in 45 minutes."," It looks a bit scary from below, and it's a steep and difficult climb, but most people in good physical shape can do it in 45 minutes.",31.575497774353472,31.575497774353472,50.49155271511695,50.49155271511695,eng_Latn,31.575497774353472,50.49155271511695
"Q: Планируя имейте ввиду, что хотя Южная Африка стабильна, не все соседние страны такие.
A:", Keep in mind while planning that although Southern Africa is stable not all neighboring countries are.," When planning, keep in mind that although South Africa is stable, not all neighboring countries are."," When planning, keep in mind that although South Africa is stable, not all neighboring countries are.",41.9468515826214,41.9468515826214,75.96441761107916,75.96441761107916,eng_Latn,41.9468515826214,75.96441761107916
"Q: Питер Костелло, казначей Австралии и человек, который, скорее всего, станет преемником Премьер-министра Джона Ховарда на посту лидера Либеральной партии, выразыл свою поддержку атомной энергетике Австралии.
A:"," Peter Costello, Australian treasurer and the man most likely to succeed Prime Minister John Howard as Liberal party leader has thrown his support behind a nuclear power industry in Australia."," Peter Costello, the Australian Treasurer and the man who is most likely to succeed Prime Minister John Howard as leader of the Liberal Party, has expressed his support for nuclear power in Australia."," Peter Costello, the Australian Treasurer and the man who is most likely to succeed Prime Minister John Howard as leader of the Liberal Party, has expressed his support for nuclear power in Australia.",41.40539054773662,41.40539054773662,70.40055078174498,70.40055078174498,eng_Latn,41.40539054773662,70.40055078174498
"Q: Кроме того, предоставьте копии страхового свидетельства/контактов попутчикам или родственникам и друзьям, которые остались дома и могут помочь.
A:", Also give policy/contact copies to traveling companions and relatives or friends back home willing to help.," In addition, provide copies of your insurance certificate/contact details to fellow travellers or relatives and friends who have stayed at home and can help."," In addition, provide copies of your insurance certificate/contacts to fellow travelers or relatives and friends who have stayed at home and can help.",10.67325227157467,7.1285123835796025,35.99626302775191,35.983253856481866,eng_Latn,7.1285123835796025,35.983253856481866
"Q: Отдельные приложения в этой категории даже могут переводить тексты на иностранных языках на вывесках или других предметах в реальном мире. Для этого пользователю нужно направить смартфон на такие предметы.
A:", Some of the applications in this category can even translate texts in foreign languages on signs or other objects in the real world when the user points the smartphone towards those objects.," Some apps in this category can even translate texts in foreign languages on signs or other objects in the real world. To do this, the user needs to point the smartphone at such objects."," Individual apps in this category can even translate texts in foreign languages on signs or other objects in the real world. To do this, the user needs to point the smartphone at such objects.",59.23597304758588,57.28465332774304,74.16895316014961,72.70472468597036,eng_Latn,57.28465332774304,72.70472468597036
"Q: Во всех уголках Земле есть животные. Они летают по небу, плавают в океане и роют землю.
A:"," Animals are found all over the earth. They dig in the ground, swim in the oceans, and fly in the sky."," There are animals in all corners of the Earth. They fly in the sky, swim in the ocean and dig the ground."," There are animals in all corners of the Earth. They fly in the sky, swim in the ocean and dig the ground.",23.217563992123615,23.217563992123615,56.00808010409673,56.00808010409673,eng_Latn,23.217563992123615,56.00808010409673
"Q: Он продолжил и сказал: ""Этот случай серьёзный. Будьте уверены, что наша система работает настолько хорошо, насколько должна"".
A:"," He went on to say, ""This case is serious. Rest assured that our system is working as well as it should."""," He continued and said: ""This case is serious. Be sure that our system works as well as it should."""," He continued, ""This is a serious matter. Rest assured that our system is working as well as it should.""",43.796610894035844,64.62604118358239,60.56717841002056,74.12127821213585,eng_Latn,64.62604118358239,74.12127821213585
"Q: Простое оригами — разновидность оригами с ограничением на одну складку за раз, запретом на более сложные складки, такие как, например, обратная, и простым расположением каждой складки.
A:"," Pureland origami is origami with the restriction that only one fold may be done at a time, more complex folds like reverse folds are not allowed, and all folds have straightforward locations."," Simple origami is a type of origami with a restriction on one fold at a time, a ban on more complex folds, such as, for example, reverse, and a simple arrangement of each fold."," Simple origami is a type of origami with a restriction on one fold at a time, a ban on more complex folds, such as, for example, reverse, and a simple arrangement of each fold.",18.713697538520655,18.713697538520655,42.38876828412741,42.38876828412741,eng_Latn,18.713697538520655,42.38876828412741
"Q: Коренные жители Гренландии называют себя инуитами в Канаде и калааллитами (ед.ч. — Kalaalleq, мн. ч. — Kalaallit), то есть собственно гренландцами, в Гренландии.
A:"," The native inhabitants of Greenland call themselves Inuit in Canada and Kalaalleq (plural Kalaallit), a Greenlander, in Greenland."," The indigenous people of Greenland call themselves Inuit in Canada and Kalaallit (singular Kalaalleq, plural Kalaallit) in Greenland."," The indigenous people of Greenland call themselves Inuit in Canada and Kalaallit (singular Kalaalleq, plural Kalaallit) in Greenland.",43.68053358303784,43.68053358303784,65.64260298272538,65.64260298272538,eng_Latn,43.68053358303784,65.64260298272538
"Q: Азот в форме газа имеет те же свойства, что и жидкий азот. В жидкой фазе он более густой, но молекулы те же самые.
A:", Nitrogen as a gas still has the same properties as liquid nitrogen. The liquid state is denser but the molecules are still the same.," Nitrogen in the form of gas has the same properties as liquid nitrogen. In the liquid phase it is denser, but the molecules are the same."," Nitrogen in the form of gas has the same properties as liquid nitrogen. In the liquid phase it is denser, but the molecules are the same.",45.28301458137674,45.28301458137674,68.02468967100288,68.02468967100288,eng_Latn,45.28301458137674,68.02468967100288
"Q: Эти поиски затруднялись из-за той же плохой погоды, которая помешала завершить посадку.
A:", The search had been hampered by the same bad weather that had caused the aborted landing., These searches were hampered by the same bad weather that prevented the landing from being completed., These searches were hampered by the same bad weather that prevented the landing from being completed.,39.72418603247485,39.72418603247485,57.00451428071239,57.00451428071239,eng_Latn,39.72418603247485,57.00451428071239
"Q: В действительности не существует ни одной вещи, достойной изучения. Обучение происходит в ходе взаимодействия учащегося и предоставляемых знаний.
A:"," In fact, there is not one good thing to learn.Learning takes place in the experience between the learner and the knowledge presented."," In reality, there is no single thing worthy of study. Learning takes place in the interaction of the student and the knowledge provided."," In reality, there is no single thing worthy of study. Learning takes place in the interaction of the student and the knowledge provided.",17.098323692758395,17.098323692758395,49.39276121854243,49.39276121854243,eng_Latn,17.098323692758395,49.39276121854243
"Q: Это обеспечивает конькобежцу поворот. Если коньки наклонены вправо, конькобежец поворачивает вправо, а если коньки наклонены влево, конькобежец поворачивает влево.
A:"," This causes the skater to turn. If the skates tilt to the right, the skater turns right, if the skates tilt to the left, the skater turns left."," This provides the skater with a turn. If the skates are tilted to the right, the skater turns to the right, and if the skates are tilted to the left, the skater turns to the left."," This provides the skater with a turn. If the skates are tilted to the right, the skater turns to the right, and if the skates are tilted to the left, the skater turns to the left.",47.71483177976055,47.71483177976055,73.18306423361575,73.18306423361575,eng_Latn,47.71483177976055,73.18306423361575
"Q: Считается, что это уже пятый раз в истории, когда люди наблюдают падение на Землю того, что оказывается химически подтверждённой марсианской породой.
A:", This is believed to be the fifth time in history that people have observed what turned out to be chemically confirmed martian material falling to Earth., It is believed that this is the fifth time in history that people have observed the fall of what turns out to be chemically confirmed Martian rock on Earth.," It is believed that this is the fifth time in history that people have observed the fall of Mars on Earth, which turns out to be chemically confirmed Martian rock.",47.84900573102985,43.924326745385365,69.41910142516784,66.07851546009242,eng_Latn,43.924326745385365,66.07851546009242
"Q: Последователи ведут определенный образ жизни или занимаются чем-то, что подпитывает такие ощущения.
A:"," Followers pursue certain ways of living, or practices that are intended to nurture those experiences.", Followers lead a certain lifestyle or do something that feeds such feelings., Followers lead a certain lifestyle or do something that feeds such feelings.,4.7095307059916625,4.7095307059916625,23.990814474446694,23.990814474446694,eng_Latn,4.7095307059916625,23.990814474446694
"Q: Внешняя часть, которую мы видим, когда смотрим на Солнце, называется фотосферой, что означает ""шар света"".
A:"," The outer-part we see when we look at the Sun is called the photosphere, which means ""ball of light""."," The outer part that we see when we look at the Sun is called the photosphere, which means ""sphere of light""."," The outer part that we see when we look at the Sun is called the photosphere, which means ""sphere of light"".",71.40220219707982,71.40220219707982,84.64405061420167,84.64405061420167,eng_Latn,71.40220219707982,84.64405061420167
"Q: Некоторые плёночные фотоаппараты среднего формата используют формат 6 на 6 сантиметров, а точнее негатив 56мм на 56 мм.
A:"," Some medium-format film cameras use a 6 by 6 cm format, more precisely a 56 by 56 mm negative."," Some medium format film cameras use a 6 by 6 centimeter format, or more precisely a 56mm by 56mm negative."," Some medium format film cameras use a 6 by 6 centimeter format, or more precisely a 56mm by 56mm negative.",46.589782735178616,46.589782735178616,77.40277375016656,77.40277375016656,eng_Latn,46.589782735178616,77.40277375016656
"Q: Большинство телевизоров сделано таким образом, чтобы угодить широкой публике.
A:", Most televisions are made in a way to please the general public., Most televisions are made to appeal to the general public., Most TVs are made to appeal to the general public.,46.05329793777295,22.882759955089266,69.0089702861665,48.79462955448783,eng_Latn,22.882759955089266,48.79462955448783
"Q: Подводные лодки были на вооружении во время Первой мировой войны, а также во время Великой Отечественной войны. В то время они развивали очень низкую скорость и могли стрелять лишь на коротком расстоянии.
A:", Submarines were used in World War I and World War II. Back then they were very slow and had a very limited shooting range.," Submarines were in service during the First World War, as well as during the Great Patriotic War. At that time they developed a very low speed and could shoot only at a short distance.", Submarines were in service during the First World War and also during the Great Patriotic War. At that time they developed a very low speed and could shoot only at a short distance.,8.711822053477782,9.33651302999176,35.53804215292088,36.55192717504637,eng_Latn,9.33651302999176,36.55192717504637
"Q: Многие мечтают о дне, когда люди смогут путешествовать к другим звездам и исследовать другие миры. Некоторые задаются вопросом: что там? Некоторые верят, что на других планетах могут быть инопланетяне или другая жизнь.
A:"," Many people dream of the day when humans can travel to another star and explore other worlds, some people wonder what's out there some belive that aliens or other life may live on another plant.", Many dream of the day when people will be able to travel to other stars and explore other worlds. Some wonder: what is there? Some believe that there may be aliens or other life on other planets., Many dream of the day when people will be able to travel to other stars and explore other worlds. Some wonder: what is there? Some believe that there may be aliens or other life on other planets.,29.329301895636164,29.329301895636164,56.995441501995955,56.995441501995955,eng_Latn,29.329301895636164,56.995441501995955
"Q: Для получения более громкого звука на аккордеоне, мехи используются с большим давлением или скоростью.
A:"," On the accordion, to get extra volume, you use the bellows with more pressure or speed."," To get a louder sound on the accordion, the bellows are used with greater pressure or speed."," To get a louder sound on the accordion, the bellows are used with greater pressure or speed.",27.74290545068997,27.74290545068997,54.14112217750736,54.14112217750736,eng_Latn,27.74290545068997,54.14112217750736
"Q: Он присоединился к ним в 1945 году и оставался с ними до 1958 года.
A:", He joined them in 1945 and stayed until 1958., He joined them in 1945 and remained with them until 1958., He joined them in 1945 and remained with them until 1958.,53.44445934790545,53.44445934790545,74.96142408999506,74.96142408999506,eng_Latn,53.44445934790545,74.96142408999506
"Q: Кофе является одним из самых продаваемых товаров в мире, и вы, вероятно, увидите много его сортов в своём родном регионе.
A:"," Coffee is one of the world's most traded commodities, and you can probably find many types in your home region."," Coffee is one of the most sold goods in the world, and you will probably see many of its varieties in your native region."," Coffee is one of the most sold goods in the world, and you will probably see many of its varieties in your native region.",22.004136568723666,22.004136568723666,51.83509313271095,51.83509313271095,eng_Latn,22.004136568723666,51.83509313271095
"Q: В ранний период государственной независимости экспертные знания Ботанического сада Сингапура помогли преобразовать остров в город-тропический сад.
A:"," Early in the nation's independence, Singapore Botanic Gardens' expertise helped to transform the island into a tropical Garden City."," In the early period of state independence, the expert knowledge of the Singapore Botanical Garden helped transform the island into a tropical garden city."," In the early period of state independence, the expert knowledge of the Singapore Botanical Garden helped transform the island into a tropical garden city.",27.33476887314251,27.33476887314251,59.695704278885806,59.695704278885806,eng_Latn,27.33476887314251,59.695704278885806
"Q: По разным оценкам, от 340 до 500 миллионов людей говорят на этом языке и до 800 миллионов людей его понимают.
A:"," Estimates range from 340 million to 500 million speakers, and as many as 800 million people can understand the language."," According to various estimates, from 340 to 500 million people speak this language and up to 800 million people understand it."," By various estimates, from 340 to 500 million people speak this language and up to 800 million people understand it.",12.561006753557589,12.564656684865856,50.24543327313743,50.57454500923946,eng_Latn,12.564656684865856,50.57454500923946
"Q: Иммиграционный контрольно-пропускной пункт обычно является первой остановкой при высадке с самолёта, корабля или другого транспортного средства.
A:"," An immigration checkpoint is usually the first stop when disembarking from a plane, a ship, or another vehicle."," The immigration checkpoint is usually the first stop when disembarking from an airplane, ship, or other vehicle."," The immigration checkpoint is usually the first stop when disembarking from an airplane, ship or other vehicle.",62.30832293767099,58.42826969463972,81.99183291741839,78.52061366765385,eng_Latn,58.42826969463972,78.52061366765385
"Q: Он был основан на немецком алфавите, к которому был добавлен еще один символ: ""Õ/õ"".
A:"," It was based on the German alphabet and one character ""Õ/õ"" was added."," It was based on the German alphabet, to which another symbol was added: ""Õ/õ""."," It was based on the German alphabet, to which another symbol was added: ""Õ/õ"".",47.629019423691716,47.629019423691716,62.47402786930901,62.47402786930901,eng_Latn,47.629019423691716,62.47402786930901
"Q: В своём самом недавнем ежемесячном докладе ОПЕК заявила, что экспорт сырой нефти упал до самого низкого уровня за последние два десятилетия — 2,8 миллиона баррелей в день.
A:"," In its most recent monthly report, OPEC said exports of crude had fallen to their lowest level for two decades at 2.8 million barrels per day."," In its most recent monthly report, OPEC said that crude oil exports fell to the lowest level in two decades — 2.8 million barrels a day."," In its most recent monthly report, OPEC said that crude oil exports fell to the lowest level in two decades — 2.8 million barrels a day.",48.158564769869564,48.158564769869564,67.64524151293818,67.64524151293818,eng_Latn,48.158564769869564,67.64524151293818
"Q: Синоптики говорят, что шторм, находящийся примерно в 645 милях (1040 км) к западу от островов Кабо-Верде, скорее всего, закончится до того, как сможет стать угрозой каким-либо участкам суши.
A:"," The storm, situated about 645 miles (1040 km) west of the Cape Verde islands, is likely to dissipate before threatening any land areas, forecasters say."," Meteorologists say that the storm, which is about 645 miles (1040 km) west of the Cape Verde Islands, is likely to end before it can become a threat to any land areas."," Meteorologists say that the storm, which is about 645 miles (1040 km) west of the Cape Verde Islands, is likely to end before it can become a threat to any land areas.",42.57593201393233,42.57593201393233,63.9020505575191,63.9020505575191,eng_Latn,42.57593201393233,63.9020505575191
"Q: Существует ограниченное количество разрешений, отведённых для посетителей без предварительной записи, которые доступны в порядке живой очереди.
A:"," There are a limited number permits reserved for walk-in requests available on a first come, first served basis."," There is a limited number of permits available for visitors without prior registration, which are available on a first-come, first-served basis."," There are a limited number of tickets available for visitors without prior registration, which are available on a first-come, first-served basis.",16.008869879314716,23.93884406276236,54.879237113228264,56.50929043301631,eng_Latn,23.93884406276236,56.50929043301631
"Q: Физически знак не был поврежден; его модифицировали, используя кусок брезента со знаками мира и сердца, чтобы буква ""О"" стала похожа на маленькую ""е"".
A:"," The sign was not physically damaged; the modification was done using black tarpaulins decorated with signs of peace and heart to alter the ""O"" to read lowercase ""e""."," The sign was not physically damaged; it was modified using a piece of canvas with peace and heart signs to make the letter ""O"" look like a small ""e""."," The physical sign was not damaged; it was modified using a piece of canvas with the signs of peace and heart so that the letter ""O"" looked like a small ""e"".",31.99670860528883,19.186643225786202,47.79899124509972,45.70372786493234,eng_Latn,19.186643225786202,45.70372786493234
"Q: Комиссар полиции устанавливает залог (на случай его внесения) и формализует обвинения, выдвинутые офицером, который выполнил арест. После этого обвинения заносятся в компьютерную систему штата, в которой ведется дело задержанного.
A:"," The commissioner sets bail, if granted, and formalizes the charges filed by the arresting officer. The charges are then entered into the state's computer system where the case is tracked."," The police commissioner sets bail (in case it is paid) and formalizes the charges brought by the officer who made the arrest. After that, the charges are entered into the state's computer system, which keeps track of the detainee's case."," The police commissioner sets bail (in case it is paid) and formalizes the charges brought by the officer who made the arrest. After that, the charges are entered into the state's computer system, which keeps track of the detainee's case.",29.52586597732139,29.52586597732139,63.137411583651534,63.137411583651534,eng_Latn,29.52586597732139,63.137411583651534
"Q: Международный олимпийский комитет проголосовал за включение этих видов на заседании исполнительного комитета сегодня в Берлине. Регби, а конкретнее регби-юнион, и гольф выбрали вместо пяти других видов спорта, чтобы рассмотреть их участие в программе Олимпийских игр.
A:"," The International Olympic Committee voted to include the sports at its executive board meeting in Berlin today. Rugby, specifically rugby union, and golf were selected over five other sports to be considered to participate in the Olympics."," The International Olympic Committee voted to include these sports at a meeting of the executive committee today in Berlin. Rugby, and more specifically rugby union, and golf were chosen instead of five other sports to consider their participation in the Olympic Games."," The International Olympic Committee voted to include these sports at a meeting of the executive committee today in Berlin. Rugby, or more specifically rugby union, and golf were chosen instead of five other sports to consider their participation in the Olympic Games.",42.967405170152524,42.967405170152524,71.25151423105767,71.18507077810717,eng_Latn,42.967405170152524,71.18507077810717
"Q: Хотя иммиграционная проверка, как правило, отсутствует или представляет собой формальность по возвращении на родину, таможенный контроль может быть хлопотным.
A:"," While immigration check is usually absent or a formality when you arrive in your homeland, customs control can be a hassle."," Although immigration checks are usually non-existent or a formality on return to the homeland, customs control can be troublesome."," Although immigration checks are usually non-existent or a formality on return home, customs control can be troublesome.",29.890251125824097,23.772457418022928,55.90300672775417,50.88520196458772,eng_Latn,23.772457418022928,50.88520196458772
"Q: На вечеринке по случаю празднования первой годовщины пары, свадьба которой состоялась в прошлом году, присутствовало не меньше 100 человек.
A:"," At least 100 people had attended the party, in order to celebrate the first anniversary of a couple whose wedding was held last year."," At the party celebrating the first anniversary of the couple whose wedding took place last year, there were no less than 100 people."," At the party celebrating the first anniversary of a couple whose wedding took place last year, there were no less than 100 people.",21.556390839761935,34.802409669198056,56.35031893412924,60.248512438133794,eng_Latn,34.802409669198056,60.248512438133794
"Q: Самый важный фактор этого образа мышления заключается в том, что есть только один правильный ответ. Вам нужно думать, что есть только два варианта ответа, а именно: правильный или неправильный.
A:"," The most important factor of this mindset is: there is only one correct answer. You only think of two answers, namely right or wrong."," The most important factor of this way of thinking is that there is only one correct answer. You need to think that there are only two options for the answer, namely: correct or incorrect."," The most important factor of this mindset is that there is only one right answer. You need to think that there are only two options, namely: right or wrong.",34.42391013759615,44.78315454797505,62.95053606635119,70.7621637446906,eng_Latn,44.78315454797505,70.7621637446906
"Q: Робертс наотрез отказался говорить, когда, по его мнению, зарождается жизнь, что является важным вопросом при рассмотрении этической проблемы абортов, заявив, что было бы неэтично высказываться насчёт возможной специфики случаев.
A:"," Roberts flatly refused to say about when he believes life begins, an important question when considering the ethics of abortion, saying that it would be unethical to comment on the specifics of likely cases."," Roberts flatly refused to say when, in his opinion, life begins, which is an important question when considering the ethical problem of abortion, stating that it would be unethical to speak about the possible specifics of cases."," Roberts flatly refused to say when, in his view, life begins, a key question in the ethical debate over abortion, saying it would be unethical to comment on the specifics of cases.",48.62041606690382,49.527393648136446,70.79646419240045,63.25685512843317,eng_Latn,49.527393648136446,63.25685512843317
"Q: Его огромные застеклённые окна и тонкие стены не могли бы долго устоять против мощной атаки.
A:", Its large glazed windows and thin walls would not have been able to resist a determined attack for long., His huge glass windows and thin walls could not withstand a powerful attack for long., His huge glass windows and thin walls could not withstand a powerful attack for long.,28.35648815808635,28.35648815808635,47.05493061806177,47.05493061806177,eng_Latn,28.35648815808635,47.05493061806177
"Q: Представитель газовой компании прибыл на место происшествия после звонка соседа об утечке газа.
A:", An official with the gas company was reporting to the scene after a neighbor called about a gas leak., The gas company representative arrived at the scene after a neighbor called about a gas leak., The gas company representative arrived at the scene after a neighbor called about a gas leak.,54.22085758658589,54.22085758658589,64.6477872490031,64.6477872490031,eng_Latn,54.22085758658589,64.6477872490031
"Q: Его второй коготь был самым крупным, что дало ему название Hesperonychus, означающее ""западный коготь"".
A:"," Its second claw was larger, giving rise to the name Hesperonychus which means ""western claw."""," His second claw was the largest, which gave him the name Hesperonychus, meaning ""western claw""."," His second claw was the largest, which gave him the name Hesperonychus, meaning ""western claw"".",43.64460225519446,43.64460225519446,57.20262416352535,57.20262416352535,eng_Latn,43.64460225519446,57.20262416352535
"Q: Мы знаем много греческих политиков, учёных и художников. Возможно, самая известная личность этой культуры — это Гомер, легендарный слепой поэт, который создал два шедевра греческой литературы — поэмы ""Илиада"" и ""Одиссея"".
A:"," We know many Greek politicians, scientists, and artists. Possibly the most known person of this culture is Homer, the legendary blind poet, who composed two masterpieces of Greek literature: the poems Iliad and Odyssey."," We know many Greek politicians, scientists and artists. Perhaps the most famous personality of this culture is Homer, the legendary blind poet who created two masterpieces of Greek literature - the poems ""Iliad"" and ""Odyssey""."," We know many Greek politicians, scientists and artists. Perhaps the most famous personality of this culture is Homer, the legendary blind poet who created two masterpieces of Greek literature - the poems ""Iliad"" and ""Odyssey"".",53.258849865869834,53.258849865869834,73.67747116597594,73.67747116597594,eng_Latn,53.258849865869834,73.67747116597594
"Q: Некоторые люди считают, что достаточно частое переживание многочисленных осознанных, искусственно вызванных сновидений может быть очень изнурительным.
A:", Some people believe that experiencing many artificially induced lucid dreams often enough can be very exhausting.," Some people think that frequent experiencing of numerous conscious, artificially induced dreams can be very exhausting."," Some people think that frequent experiencing of numerous conscious, artificially induced dreams can be very exhausting.",40.025074540692394,40.025074540692394,60.996548790744384,60.996548790744384,eng_Latn,40.025074540692394,60.996548790744384
"Q: Посещение этого места можно удобно совместить с лодочной прогулкой по озеру.
A:", A visit to the site can be conveniently combined with a boat trip to the lake., Visiting this place can be conveniently combined with a boat trip on the lake., Visiting this place can be conveniently combined with a boat trip on the lake.,55.98330175211441,55.98330175211441,70.3816737857021,70.3816737857021,eng_Latn,55.98330175211441,70.3816737857021
"Q: Ведущий, который был арестован на месте происшествия, отрицал нападение и утверждал, что использовал палку для защиты от бутылок, которые в него бросали почти тридцать человек.
A:"," The presenter, who was arrested at the scene, denied the attack and claimed he used the pole to protect himself from bottles being thrown at him by up to thirty people."," The host, who was arrested at the scene, denied the attack and claimed that he used a stick to defend himself from the bottles that were thrown at him by almost thirty people."," The host, who was arrested at the scene, denied the attack and claimed that he used the stick to defend himself from the bottles that were thrown at him by almost thirty people.",55.69083005457279,56.96539648564389,68.1779860652441,69.32223148682152,eng_Latn,56.96539648564389,69.32223148682152
"Q: Темные облака, не связанные с вулканической активностью, были зафиксированы у подножия горы.
A:", Dark clouds unrelated to any volcanic activity were reported at the base of the mountain.," Dark clouds, not associated with volcanic activity, were recorded at the foot of the mountain."," Dark clouds, not associated with volcanic activity, were recorded at the foot of the mountain.",30.603689509300906,30.603689509300906,57.88831197986535,57.88831197986535,eng_Latn,30.603689509300906,57.88831197986535
"Q: Население Тайноса существенно сократилось из-за действий испанских завоевателей за несколько лет после прибытия исследователей из Европы.
A:"," Within a few short years following the arrival of European explorers, the population of Tainos had significantly been reduced by the Spanish conquerors", The population of the Taino was significantly reduced by the actions of the Spanish conquistadors in the years following the arrival of European explorers., The Taino population declined dramatically due to the actions of the Spanish conquistadors within a few years of the arrival of European explorers.,39.09443137613962,26.14667415738251,66.91418893955426,50.331365362455614,eng_Latn,26.14667415738251,50.331365362455614
"Q: Помимо трех важных научных инструментов, лунный зонд также нес на себе изображение государственного флага Индии, нанесенное на каждую из сторон.
A:"," Besides carrying three important scientific instruments, the lunar probe also carried the image of the Indian national flag, painted on all sides."," In addition to three important scientific instruments, the lunar probe also carried on it an image of the national flag of India, printed on each of its sides."," In addition to the three important scientific instruments, the lunar probe also carried on it an image of the national flag of India, printed on each of its sides.",40.02334831747483,39.24414299082404,68.82563399146682,69.32860527140714,eng_Latn,39.24414299082404,69.32860527140714
"Q: Исследование показало, что депрессия, страх и катастрофические настроения  способствовали переходу от боли к инвалидности у страдающих от болей в нижней части спины.
A:"," The study found that depression, fear and catastrophising mediated the relationship between pain and disability in lower back pain sufferers."," Research has shown that depression, fear and catastrophic moods contributed to the transition from pain to disability in those suffering from lower back pain."," Research has shown that depression, fear, and catastrophic thinking contributed to the transition from pain to disability in those suffering from lower back pain.",25.988594137136722,16.45494395423276,51.92533414725187,49.65795185834221,eng_Latn,16.45494395423276,49.65795185834221
"Q: В некоторых федеративных государствах, таких как США и Канада, подоходный налог взимается как на федеральном, так и на местном уровнях, поэтому ставки и диапазоны могут отличаться в разных регионах.
A:"," In some federal countries, such as the United States and Canada, income tax is levied both at the federal level and at the local level, so the rates and brackets can vary from region to region."," In some federal states, such as the United States and Canada, income tax is levied both at the federal and local levels, so rates and ranges may vary in different regions."," In some federal states, such as the United States and Canada, income tax is levied both at the federal and local levels, so rates and ranges may vary in different regions.",48.87515280611944,48.87515280611944,65.09568237847536,65.09568237847536,eng_Latn,48.87515280611944,65.09568237847536
"Q: ""Она пролетит над западным побережьем севера Калифорнии, осветит небо над Калифорнией центральным Орегоном, а дальше направится через Неваду и Айдахо в Юту"", — сказал Том Даксбери, менеджер проекта ""Стардаст"".
A:"," “It will move over the west coast of northern California and will light the sky from California through central Oregon and on through Nevada and Idaho and into Utah,” Tom Duxbury, Stardust's project manager said."," ""It will fly over the western coast of northern California, light up the sky over California, central Oregon, and then head through Nevada and Idaho to Utah,"" said Tom Duxberry, project manager of Stardust."," ""It will fly over the west coast of northern California, light up the sky over central Oregon, and then head through Nevada and Idaho to Utah,"" said Tom Duxbury, project manager of Stardust.",27.12578060620425,38.05734162706824,58.66319215261934,60.413532223579125,eng_Latn,38.05734162706824,60.413532223579125
"Q: Пном Кром, расположенный в 12 км к юго-западу от Сиемреапа. Этот храм на вершине холма был построен в конце IX века, во времена правления короля Яшовармана.
A:"," Phnom Krom, 12 km southwest of Siem Reap. This hilltop temple was built at the end of the 9th century, during the reign of King Yasovarman."," Phnom Krom, located 12 km southwest of Siem Reap. This temple on the top of the hill was built at the end of the 9th century, during the reign of King Yashovarman."," Phnom Krom, located 12 km southwest of Siem Reap. This temple on the top of the hill was built at the end of the 9th century, during the reign of King Yashovarman.",65.44766061946491,65.44766061946491,84.06994376367199,84.06994376367199,eng_Latn,65.44766061946491,84.06994376367199
"Q: Посетить Южную Африку на автомобиле — это прекрасный способ увидеть всю красоту этой местности, а также попасть в уголки за пределами традиционных туристических маршрутов.
A:", Entering Southern Africa by car is an amazing way to see all the region's beauty as well as to get to places off the normal tourist routes.," To visit South Africa by car is a great way to see all the beauty of this place, as well as to get to the corners beyond the traditional tourist routes."," To visit South Africa by car is a great way to see all the beauty of this place, as well as to get to the corners beyond the traditional tourist routes.",39.319919825365815,39.319919825365815,57.98752897937788,57.98752897937788,eng_Latn,39.319919825365815,57.98752897937788
"Q: Можно отличить мистицизм от других форм религиозных верований и культов по его упору на прямой опыт человека нахождения в уникальном состоянии сознания, особенно в состоянии умиротворённого, проникновенного, блаженного или даже экстатического характера.
A:"," Mysticism can be distinguished from other forms of religious belief and worship by its emphasis on the direct personal experience of a unique state of consciousness, particularly those of a peaceful, insightful, blissful, or even ecstatic character."," Mysticism can be distinguished from other forms of religious belief and cults by its emphasis on the direct experience of the individual in a unique state of consciousness, especially in a state of calm, penetrating, blissful or even ecstatic nature."," Mysticism can be distinguished from other forms of religious belief and practice by its emphasis on the direct experience of the individual in a unique state of consciousness, especially in a state of peace, insight, bliss, or even ecstasy.",56.46112563904347,57.07755283501792,68.55495094308611,68.95387766483243,eng_Latn,57.07755283501792,68.95387766483243
"Q: Однако по сравнению с другими королевскими могилами, могила Тутанхамона едва ли заслуживает посещения, так как она намного меньше и имеет незначительные украшения.
A:"," Compared to most of the other royal tombs, however, the tomb of Tutankhamun is barely worth visiting, being much smaller and with limited decoration."," However, compared to other royal tombs, the tomb of Tutankhamun is hardly worth visiting, as it is much smaller and has insignificant decorations."," However, compared to other royal tombs, the tomb of Tutankhamun is hardly worth visiting, as it is much smaller and has insignificant decorations.",41.25115079280957,41.25115079280957,62.610777208132575,62.610777208132575,eng_Latn,41.25115079280957,62.610777208132575
"Q: Группа отменила выступление на Военном мемориальном стадионе на острове Мауи, на котором должны были быть 9 000 человек, и принесла извинения фанатам.
A:"," The band canceled the show at Maui's War Memorial Stadium, which was set to be attended by 9,000 people, and apologized to fans."," The group canceled the performance at the War Memorial Stadium on Maui, where there were supposed to be 9,000 people, and apologized to the fans."," The group canceled its performance at the War Memorial Stadium on the island of Maui, which was supposed to have 9,000 people, and apologized to fans.",38.67141011219592,42.86675962939782,56.453920461761584,61.1960500189486,eng_Latn,42.86675962939782,61.1960500189486
"Q: Район каналов (на голландском: Grachtengordel) — известный район 17 века, расположенный вокруг центра города.
A:", The Canal District (Dutch: Grachtengordel) is the famous 17th-century district surrounding the Binnenstad of Amsterdam., The Canal District (Dutch: Grachtengordel) is a famous 17th-century district located around the city center., The Canal Ring (Dutch: Grachtengordel) is a 17th-century canal district in the centre of Amsterdam.,64.25036244043741,52.80197959835354,66.1516577986001,56.5904691516224,eng_Latn,52.80197959835354,56.5904691516224
"Q: Особенно в первые дни рассмотрите возможность потратиться на хорошие отели в западном стиле, а также на еду и услуги высокого качества, чтобы вам было легче акклиматизироваться.
A:"," Especially in your initial days, consider splurging on Western-style and -quality hotels, food, and services to help acclimatize."," Especially in the first days, consider spending money on good western-style hotels, as well as on high-quality food and services, to make it easier for you to acclimatize."," Especially in the first few days, consider spending money on good western-style hotels, as well as on high-quality food and services, to make it easier for you to acclimatize.",20.237413164896115,19.760904849332015,54.847284727560684,54.537067293794415,eng_Latn,19.760904849332015,54.537067293794415
"Q: Многих экзотических животных сложно отыскать, к тому же в парках иногда налагаются ограничения на фотографирование в коммерческих целях.
A:"," Many exotic animals are hard to find, and parks sometimes have rules about taking photographs for commercial purposes."," It is difficult to find many exotic animals, and in parks there are sometimes restrictions on photographing for commercial purposes."," Many exotic animals are hard to find, and in addition, there are sometimes restrictions on photographing for commercial purposes in parks.",23.217917507285033,43.149269702667276,55.85078036093202,66.70509678840365,eng_Latn,43.149269702667276,66.70509678840365
"Q: У северной границы Мачу-Пикчу возвышается эта крутая гора, которую часто можно увидеть на заднем плане на многих фотографиях руин.
A:"," Towering above the north end of Machu Picchu is this steep mountain, often the backdrop to many photos of the ruins.", The steep mountain that is often seen in the background of many photos of the ruins rises at the northern border of Machu Picchu.," The northern border of Machu Picchu is dominated by this steep mountain, which is often seen in the background of many photos of the ruins.",33.57825043105124,43.14166087499847,58.15510105845737,64.21073736992675,eng_Latn,43.14166087499847,64.21073736992675
"Q: Несколько заведений в Роторуа предлагают ханги, приготовленные в геотермальных источниках, в то время как прочие виды ханги можно попробовать в Крайстчерче, Веллингтоне и других местах.
A:"," Several places in Rotorua offer geothermal hangi, while other hangi can be sampled in Christchurch, Wellington and elsewhere."," Several establishments in Rotorua offer hangi cooked in geothermal sources, while other types of hangi can be tried in Christchurch, Wellington and other places."," Several establishments in Rotorua offer hangi cooked in geothermal sources, while other types of hangi can be tried in Christchurch, Wellington and other places.",37.90100278733476,37.90100278733476,69.23753572255296,69.23753572255296,eng_Latn,37.90100278733476,69.23753572255296
"Q: Генарал Джон Кадвалдер начнет диверсионную атаку против гарнизона англичан в Бордентауне с целью блокировать любое подкрепление.
A:"," General John Cadwalder would launch a diversionary attack against the British garrison at Bordentown, in order to block off any reinforcements.", General John Cadwalder will begin a diversionary attack against the English garrison in Bordentown in order to block any reinforcements., General John Cadwalder will begin a diversionary attack against the English garrison in Bordentown to block any reinforcements.,54.610233992473106,49.633497932794036,71.52750335601816,66.70567331249411,eng_Latn,49.633497932794036,66.70567331249411
"Q: После обретения Пакистаном независимости от британского правления в 1947 году президент Пакистана назначил ""политических агентов"" для обеспечения руководства Территорией племён федерального управления, которая имеет почти полный автономный контроль над своей землёй.
A:"," Since Pakistani independence from British rule in 1947, the Pakistani President has appointed ""Political Agents"" to govern FATA, who exercise near-complete autonomous control over the areas."," After Pakistan gained independence from British rule in 1947, the President of Pakistan appointed ""political agents"" to ensure the leadership of the Federally Administered Tribal Areas, which has almost complete autonomous control over its land."," After Pakistan gained independence from British rule in 1947, the President of Pakistan appointed ""political agents"" to ensure the leadership of the Federally Administered Tribal Areas, which has almost complete autonomous control over its land.",25.540714027870134,25.540714027870134,59.809918709437845,59.809918709437845,eng_Latn,25.540714027870134,59.809918709437845
"Q: Его разработал в 1970-х годах Джон Смит с целью помочь неопытным оригамистам и людям с ограниченными двигательными навыками.
A:", It was developed by John Smith in the 1970s to help inexperienced folders or those with limited motor skills., It was developed in the 1970s by John Smith to help inexperienced origami enthusiasts and people with limited motor skills., He was developed in the 1970s by John Smith to help inexperienced origami and people with limited motor skills.,41.79882049216856,46.54556155568373,73.90195359129876,71.64946881120827,eng_Latn,46.54556155568373,71.64946881120827
"Q: В них должны быть указаны электронная почта, адрес и международные телефоны, чтобы можно было обратиться за консультацией, подтверждением или предъявить претензии.
A:", They need to show the insurer's e-mail address and international phone numbers for advice/authorizations and making claims.," They should include an email address, postal address and international telephone numbers so that they can be contacted for advice, confirmation or to make a complaint."," They should include an email address, address and international telephone numbers so that you can contact them for advice, confirmation or to make a complaint.",6.288914797547568,6.730900646889454,43.52074112830927,43.7255161499248,eng_Latn,6.730900646889454,43.7255161499248
"Q: Японский дзюдоист Хитоси Сайто, обладатель двух золотых олимпийских медалей, умер в возрасте 54 лет.
A:"," Japanese judoka Hitoshi Saito, winner of two Olympic gold medals, has died at the age of 54."," Japanese judoka Hitoshi Saito, a two-time Olympic gold medalist, died at the age of 54."," Japanese judoka Hitoshi Saito, a two-time Olympic gold medalist, died at the age of 54.",54.37363168675964,54.37363168675964,72.71866853586036,72.71866853586036,eng_Latn,54.37363168675964,72.71866853586036
"Q: Метание бумеранга является популярным умением. Множество туристов хотят научиться метать бумеранг.
A:", Boomerang throwing is a popular skill that many tourists want to acquire., Throwing a boomerang is a popular skill. Many tourists want to learn how to throw a boomerang., Throwing a boomerang is a popular skill. Many tourists want to learn how to throw a boomerang.,21.22363344155404,21.22363344155404,60.2263475140422,60.2263475140422,eng_Latn,21.22363344155404,60.2263475140422
"Q: Сегодня билеты на самолет редко бронируют непосредственно в авиакомпании, не проведя сначала поиск и не сравнив цены.
A:", Nowadays air travel is only rarely booked directly through the airline without first searching and comparing prices.," Today, plane tickets are rarely booked directly with the airline, without first searching and comparing prices."," Today, plane tickets are rarely booked directly with the airline, without first searching and comparing prices.",51.249480270291244,51.249480270291244,66.64896876627311,66.64896876627311,eng_Latn,51.249480270291244,66.64896876627311
"Q: Для большинства стран вам потребуется письмо с предложением на учебу от университета, в котором вы желаете обучаться, а также подтверждение наличия достаточного количества средств для проживания по крайней мере в первый год вашего обучения.
A:"," For most countries, you will need an offer letter from the institution you wish to study at, and also evidence of funds to support yourself for at least the first year of your course."," For most countries, you will need a letter of acceptance from the university where you wish to study, as well as proof of sufficient funds to cover your living expenses for at least the first year of your studies."," For most countries you will need a letter of acceptance from the university you wish to attend, as well as proof of sufficient funds to support yourself for at least the first year of your studies.",37.31696675173578,41.19717398573119,59.65294951748833,63.52796603513294,eng_Latn,41.19717398573119,63.52796603513294
"Q: Однако снижение уровня угрозы до высокого не означает, что угрозы больше нет.""
A:"," However, the reduction of the threat level to severe does not mean the overall threat has gone away."""," However, the reduction of the threat level to high does not mean that the threat is gone."," However, the reduction of the threat level to high does not mean that the threat is gone.",51.049305138713,51.049305138713,66.58665852994243,66.58665852994243,eng_Latn,51.049305138713,66.58665852994243
"Q: Сегодня компьютеры используются, чтобы обрабатывать фотографии и видеоматериалы.
A:", Computers today are used to manipulate pictures and videos., Today computers are used to process photos and video materials., Today computers are used to process photos and video.,14.473710747837549,14.530346490115708,45.45222290040278,43.46357587362075,eng_Latn,14.530346490115708,43.46357587362075
"Q: Решение г-на Радда подписать Киотский протокол по климату обособляет Соединённые Штаты, которые теперь станут единственной развитой страной, не ратифицировавшей это соглашение.
A:"," Mr. Rudd's decision to sign the Kyoto climate accord isolates the United States, which will now be the only developed nation not to ratify the agreement."," Mr. Rudd's decision to sign the Kyoto Protocol on climate change isolates the United States, which will now be the only developed country not to have ratified the agreement."," Mr. Rudd's decision to sign the Kyoto Protocol on climate change isolates the United States, which will now be the only developed country not to have ratified the agreement.",65.56704014877009,65.56704014877009,79.99400822612716,79.99400822612716,eng_Latn,65.56704014877009,79.99400822612716
"Q: Заразная болезнь — это болезнь, которая легко передается при нахождении поблизости от инфицированного человека.
A:", A contagious disease is a disease which is easily transmitted by being in the vicinity of an infected person., An infectious disease is a disease that is easily transmitted when in close proximity to an infected person., An infectious disease is a disease that is easily transmitted when in close proximity to an infected person.,32.95913857995752,32.95913857995752,59.32852602890466,59.32852602890466,eng_Latn,32.95913857995752,59.32852602890466
"Q: 21-летний Иисус перешел в ""Манчестер Сити"" в январе прошлого 2017 года из бразильского клуба ""Палмейрас"" за сумму, по сообщениям, составляющую 27 миллионов фунтов стерлингов.
A:", 21-year-old Jesus joined Manchester City last year in January 2017 from Brazilian club Palmeiras for a reported fee of £27 million., 21-year-old Jesus moved to Manchester City in January 2017 from Brazilian club Palmeiras for a reported fee of £27 million., 21-year-old Jesus moved to Manchester City in January 2017 from Brazilian club Palmeiras for a reported fee of £27 million.,75.74798748201947,75.74798748201947,83.71584490233592,83.71584490233592,eng_Latn,75.74798748201947,83.71584490233592
"Q: С принятием данного соглашения эта свобода может закончиться.
A:"," With this arrangement in place, this freedom might end."," With the adoption of this agreement, this freedom may end."," With the adoption of this agreement, this freedom may end.",15.727800941615358,15.727800941615358,47.64515657387191,47.64515657387191,eng_Latn,15.727800941615358,47.64515657387191
"Q: ВВП Китая может стать больше чем у США через два десятилетия.
A:", China's GDP could be larger than the United States within two decades., China's GDP may be bigger than the US in two decades., China's GDP may be bigger than the US in two decades.,34.642261789369485,34.642261789369485,50.57078428742854,50.57078428742854,eng_Latn,34.642261789369485,50.57078428742854
"Q: Тропический шторм ""Даниэлла"", четвёртый шторм с названием в сезоне ураганов в Атлантике 2010 года, образовался в восточной части Атлантического океана.
A:"," Tropical Storm Danielle, fourth named storm of the 2010 Atlantic hurricane season, has formed in the eastern Atlantic Ocean."," Tropical Storm Danielle, the fourth named storm of the 2010 Atlantic hurricane season, formed in the eastern Atlantic Ocean."," Tropical Storm Danielle, the fourth named storm of the 2010 Atlantic hurricane season, formed in the eastern Atlantic Ocean.",83.35332613736264,83.35332613736264,92.16372740067168,92.16372740067168,eng_Latn,83.35332613736264,92.16372740067168
"Q: В мире насчитывается более 5000 различных языков, и из них более двадцати, на которых говорят 50 и более миллионов человек.
A:"," The world has over 5,000 different languages, including more than twenty with 50 million or more speakers."," There are more than 5000 different languages in the world, and more than twenty of them are spoken by 50 million or more people."," There are more than 5000 different languages in the world, and more than twenty of them are spoken by 50 million people or more.",19.61887304255141,13.348189438082965,55.118830626401916,52.3726669867944,eng_Latn,13.348189438082965,52.3726669867944
"Q: Единственная настоящая опасность, с которой может столкнуться человек без подготовки, – это холодная погода.
A:", Cold weather is perhaps the only real danger the unprepared will face., The only real danger a person without preparation can face is cold weather., The only real danger a person without preparation can face is cold weather.,11.310598110843994,11.310598110843994,47.32817938117954,47.32817938117954,eng_Latn,11.310598110843994,47.32817938117954
"Q: Генерал Джеймс Эвинг (James Ewing) поведет 700 ополченцев на другой берег реки у Трентон-Ферри, возьмет под свой контроль мост через Ассунпинк-Крик и воспрепятствует отступлению вражеских войск.
A:"," General James Ewing would take 700 militia across the river at Trenton Ferry, seize the bridge over the Assunpink Creek and prevent any enemy troops from escaping."," General James Ewing will lead 700 militiamen to the other side of the river at Trenton Ferry, take control of the bridge over Assunpink Creek, and prevent the enemy from retreating."," General James Ewing will lead 700 militiamen across the river at Trenton Ferry, take control of the bridge over Assunpink Creek, and prevent the enemy from retreating.",35.21655456451361,41.75780862494209,60.38338923161323,65.3725201229054,eng_Latn,41.75780862494209,65.3725201229054
"Q: Они внесены в Список всемирного наследия ЮНЕСКО.
A:", They are listed on the UNESCO World Heritage List., They are included in the UNESCO World Heritage List., They are included in the UNESCO World Heritage List.,58.14307369682194,58.14307369682194,76.03901023747936,76.03901023747936,eng_Latn,58.14307369682194,76.03901023747936
"Q: Как бы меня притягивала гравитация Ио? Стоя на поверхности Ио, вы бы весили меньше, чем на Земле.
A:"," How would Io's gravity pull on me? If you stood on the surface of Io, you would weigh less than you do on Earth."," How would gravity pull me on Io? Standing on the surface of Io, you would weigh less than on Earth."," How would gravity on Io pull me? Standing on the surface of Io, you would weigh less than on Earth.",46.291774922793785,45.29567048358814,67.29321326640292,65.63687809587782,eng_Latn,45.29567048358814,65.63687809587782
"Q: Помимо ограничений, связанных с дороговизной и необходимостью физической подготовки, есть и сезонные ограничения. Они возможны только летом — с ноября по февраль — охватывают в основном территории полуострова, островов и море Росса.
A:"," Tourist visits are costly, demand physical fitness, can only take place in summer Nov-Feb, and are largely limited to the Peninsula, Islands and Ross Sea."," In addition to the restrictions associated with the high cost and the need for physical training, there are seasonal restrictions. They are possible only in summer — from November to February — cover mainly the territory of the peninsula, islands and the Ross Sea."," In addition to the restrictions associated with the high cost and the need for physical training, there are seasonal restrictions. They are possible only in the summer - from November to February - cover mainly the territory of the peninsula, the islands and the Ross Sea.",4.75333082876286,4.495422746118587,34.282478329542045,33.07971752953338,eng_Latn,4.495422746118587,33.07971752953338
"Q: Требования к визам и их стоимость разные во всех странах и зависят от вашей страны.
A:", Visa requirements and costs vary from nation to nation and are affected by the country you come from., The requirements for visas and their cost are different in all countries and depend on your country., Visa requirements and their cost vary in all countries and depend on your country.,3.179670962657034,9.260334509053703,29.404495502501632,35.90250478677112,eng_Latn,9.260334509053703,35.90250478677112
"Q: Ориентированность на семейную жизнь часто мотивирует жителей других районов на переезд туда, и гости часто говорят, что в городе просто найти способ хорошо провести время с детьми.
A:"," Residents from other areas often cite family-friendliness as a primary reason for moving there, and visitors often find the city easy to enjoy with children around."," The focus on family life often motivates residents of other areas to move there, and guests often say that it is simply to find a way to have a good time with children in the city."," Family orientation often motivates residents of other areas to move there, and guests often say that it is simply to find a way to have a good time with children in the city.",6.534878510818801,6.782953666768636,40.8556602103574,40.41016591379114,eng_Latn,6.782953666768636,40.41016591379114
"Q: После этого Маручидор одержал победу над Кабулчер в предварительном финале.
A:", Maroochydore then defeated Caboolture in the Preliminary Final.," After that, Maruchidor won the preliminary final against Kabulcher."," After that, Maruchidor won over Kabulcher in the preliminary final.",3.0268675397150564,5.464223296249538,25.951107695046616,30.851470532406307,eng_Latn,5.464223296249538,30.851470532406307
"Q: В основном они делятся на две категории: либо ты работаешь во время путешествий, либо сокращаешь свои расходы. В этой статье подробно рассматривается последний вариант.
A:"," Basically, they fall into two categories: Either work while you travel or try and limit your expenses. This article is focused on the latter."," They are mainly divided into two categories: either you work while traveling, or you reduce your expenses. This article discusses the latter option in detail.", They are basically divided into two categories: either you work while traveling or you cut your expenses. This article discusses the latter in detail.,25.626197981675425,27.30879756698327,53.40371104950721,56.29896766844142,eng_Latn,27.30879756698327,56.29896766844142
"Q: Санскрит — это древний язык и его можно сравнить с латинским языком, на котором говорили в Европе.
A:", Sanskrit is an ancient language and is comparable to the Latin language spoken in Europe.," Sanskrit is an ancient language and it can be compared to Latin, which was spoken in Europe."," Sanskrit is an ancient language and it can be compared to Latin, which was spoken in Europe.",49.32870682433747,49.32870682433747,66.01145189696712,66.01145189696712,eng_Latn,49.32870682433747,66.01145189696712
"Q: В 1994 году Нагорный Карабах, этнически армянский регион Азербайджана, вёл войну против азербайджанцев.
A:"," In 1994, the ethnically Armenian Nagorno-Karabakh region of Azerbaijan waged war against the Azeris."," In 1994, Nagorno-Karabakh, an ethnically Armenian region of Azerbaijan, fought a war against the Azerbaijanis."," In 1994, Nagorno-Karabakh, an ethnically Armenian region of Azerbaijan, was at war with the Azerbaijanis.",43.87328902288626,42.396156294478324,71.88397286937341,63.557072281278025,eng_Latn,42.396156294478324,63.557072281278025
"Q: После переезда в столицу Каталонии  Видаль провел за клуб 49 матчей.
A:"," Since moving to the Catalan-capital, Vidal had played 49 games for the club."," After moving to the capital of Catalonia, Vidal played 49 matches for the club."," After moving to the capital of Catalonia, Vidal played 49 games for the club.",24.04786079464435,42.221847853238735,58.859482265978244,67.72042090112548,eng_Latn,42.221847853238735,67.72042090112548
"Q: Территория Турции, включая озёра, занимает 783 562 кв. км (300 948 кв. миль), из которых 755 688 кв. км (291 773 кв. миль) находится в юго-западной Азии, а 23 764 кв. км (9 174 кв. миль) — в Европе.
A:"," Turkey's area, including lakes, occupies 783,562 square kilometres (300,948 sq mi), of which 755,688 square kilometres (291,773 sq mi) are in south west Asia and 23,764 square kilometres (9,174 sq mi) in Europe."," The territory of Turkey, including lakes, occupies 783 562 sq. km (300 948 sq. mi), of which 755 688 sq. km (291 773 sq. mi) is in south-western Asia, and 23 764 sq. km"," Turkey's territory, including lakes, covers 783,562 km2 (300,948 sq mi), of which 755,688 km2 (291,773 sq mi) is in Western Asia and 23,764 km2 (9,174 sq mi",22.353149590510434,51.16387370269767,40.20721180085713,52.40778207719446,eng_Latn,51.16387370269767,52.40778207719446
"Q: Баттен занял 190-е место в списке 400 богатейших американцев в 2008 году, его состояние оценивалось в 2,3 миллиарда долларов США.
A:", Batten was ranked 190th on the 2008 400 Richest Americans list with an estimated fortune of $2.3 billion.," Batten took 190th place in the list of 400 richest Americans in 2008, his fortune was estimated at $ 2.3 billion."," Batten ranked 190th on the Forbes 400 list of the richest Americans in 2008, with a net worth of $2.3 billion.",7.52421768074461,38.630936190395026,52.46589819728585,59.20207462700166,eng_Latn,38.630936190395026,59.20207462700166
"Q: Когда машины впереди Алонсо отправились за топливом под машину безопасности, он двинулся вверх, чтобы взять победу.
A:"," As the cars ahead of Alonso went in for fuel under the safety car, he moved up the pack to take victory."," When the cars ahead of Alonso went for fuel under the safety car, he moved up to take the win."," When the cars in front of Alonso went for fuel under the safety car, he moved up to take the win.",58.71475558267139,48.301852234301606,74.85984688498482,67.72761792650154,eng_Latn,48.301852234301606,67.72761792650154
"Q: Для входа в храм требуется специальный пропуск ""Angkor Pass"", поэтому, когда поедете на озеро Тонлесап, не забудьте взять с собой паспорт.
A:", The Angkor Pass is needed to enter the temple so do not forget to bring your passport along when heading to Tonle Sap.," To enter the temple, you need a special pass ""Angkor Pass"", so when you go to Tonle Sap Lake, don't forget to take your passport with you."," For entry into the temple, a special pass ""Angkor Pass"" is required, so when you go to Tonle Sap Lake, do not forget to take your passport with you.",14.01764505803185,18.096701954268024,49.62649684295364,49.53376254064453,eng_Latn,18.096701954268024,49.53376254064453
"Q: Сеть обмена гостеприимством — это организация, которая предоставляет путешественникам возможность пообщаться с местными жителями городов, которые они собираются посетить.
A:", A hospitality exchange network is the organization that connects travelers with locals in the cities they are going to visit., The hospitality exchange network is an organization that provides travelers with the opportunity to communicate with local residents of the cities they plan to visit., Couchsurfing is an organization that provides travelers with the opportunity to communicate with local residents of the cities they are going to visit.,25.04854060624158,30.9789390724058,65.46938276419519,59.30086886440276,eng_Latn,30.9789390724058,59.30086886440276
