prompt,reference,generation_baseline,generation_function_vector,bleu_baseline,bleu_function_vector,chrf_baseline,chrf_function_vector
"Q: Pittman suggested that conditions wouldn't improve until sometime next week.
A:",M. Pittman a laissé entendre que les conditions ne s'amélioreraient pas avant la semaine prochaine., Pittman a suggéré que les conditions ne s'amélioreraient pas avant la semaine prochaine., Pittman suggérait que les conditions ne s'amélioreraient pas avant la semaine prochaine.,75.17092946515983,71.98926585924599,78.74225253536797,76.95976545572944
"Q: Each of these nomadic rampages or marches lasts for approximately 17 days.
A:",Chacun de ces raids ou chacune de ces razzias dure environ 17 jours., Chaque de ces rampages nomades ou marches dure environ 17 jours., 17 days,24.744772958964134,0.01677313139512559,50.81436267335954,2.71603086155165
"Q: The different constructions have different capabilities, are sensitive to different wave-lengths and have differing degrees of acuity, also they require different processing to make sense of the input and different numbers to work optimally.
A:","Les diverses constructions ont des capacités différentes, sont sensibles à des longueurs d’onde distinctes et ont des degrés d’acuité différents. Elles nécessitent également des traitements distincts pour l’interprétation des données reçues et les nombres qu’il leur faut pour fonctionner de manière optimale diffèrent aussi."," Les constructions différentes ont des capacités différentes, sont sensibles à différentes longueurs d'onde et ont des degrés de netteté différents, aussi elles nécessitent différents traitements pour faire sens de l'entrée et différents nombres pour fonctionner de manière optimale.<eos>"," The different constructions have different capabilities, are sensitive to different wave-lengths and have differing degrees of acuity, also they require different processing to make sense of the input and different numbers to work optimally.",29.149834995379305,1.0974799445460242,56.33804436526272,19.526547052822472
"Q: The typhoon is estimated to be moving toward China at eleven kph.
A:",On estime que le typhon se dirige vers la Chine à une vitesse de 11 km/h., Le typhon est estimé à se déplacer vers la Chine à onze kph., The typhoon is estimated to be moving toward China at eleven kph.,14.543850872444347,2.161956367131169,36.114339086430256,19.01095402791736
"Q: Massa is due to be out for at least the rest of the 2009 season.
A:",Il est prévu que Massa soit absent au moins jusqu'à la fin de la saison 2019., Massa devrait être hors de combat pour le reste de la saison 2009., Massa is due to be out for at least the rest of the 2009 season.,12.245958331349383,1.9046304733974748,26.892953667207593,15.079589198958743
"Q: One of strong points of Charlotte, North Carolina, is that it has an abundance of high-quality options for families.
A:","Un des points forts de Charlotte, en Caroline du Nord, est l'abondance des services de haute qualité pour les familles."," L'un des points forts de Charlotte, Caroline du Nord, est qu'elle a une abondance d'options de haute qualité pour les familles.", True,45.92339012220896,0.0,76.57035315775416,0.7425742574257427
"Q: This makes inexpensive zoom lenses hard to use in low-light conditions without a flash.
A:",Cela rend les objectifs zoom peu coûteux difficiles à utiliser dans des conditions de faible luminosité sans flash., Cela rend les objectifs zoom peu coûteux difficiles à utiliser dans des conditions de faible luminosité sans flash., The lens is not fast enough.,100.00000000000004,0.43509678773757415,100.0,5.4496460595651515
"Q: Traditionally, the heir to the throne would go straight into the military after finishing school.
A:","Dans la tradition, l'héritier du trône faisait son service militaire après avoir fini ses études."," Traditionnellement, l'héritier du trône allait directement dans l'armée après avoir terminé l'école.", False,33.6170468567365,0.0,42.52795464943173,1.2402487222463634
"Q: A cell is the smallest structural and functional unit of a living (things) organism.
A:",Une cellule est la plus petite unité structurelle et fonctionnelle d'un organisme vivant., Une cellule est l'unité structurelle et fonctionnelle la plus petite d'un organisme vivant., The cell is the basic structural and functional unit of life. It is the smallest unit of life that…,59.460355750136046,1.5732934811145336,88.91173466130844,22.038677899228716
"Q: Lead researchers say this may bring early detection of cancer, tuberculosis, HIV and malaria to patients in low-income countries, where the survival rates for illnesses such as breast cancer can be half those of richer countries.
A:","Selon les chercheurs principaux, cela pourrait permettre une détection précoce du cancer, de la tuberculose, du VIH et du paludisme chez les patients des pays à faible revenu, où le taux de survie à des maladies telles que le cancer du sein peut être deux fois moins élevé que dans les pays riches."," Les chercheurs principaux disent que cela peut apporter une détection précoce du cancer, de la tuberculose, du VIH et de la malaria aux patients dans les pays à faible revenu, où les taux de survie des maladies telles que le cancer du"," The researchers say that the new technology could also be used to detect other diseases, such as tuberculosis, HIV and malaria.",49.27800014722817,0.6435664110576168,63.47708893672883,12.295072026438495
"Q: Germany code-named the attack “Operation Sealion”. Most of the British Army's heavy weapons and supplies had been lost when it evacuated from Dunkirk, so the army was fairly weak.
A:","L’Allemagne a donné le nom de code « Opération Lion de Mer » à cette attaque. L’armée britannique avait perdu la majeure partie de son artillerie lourde et de ses munitions lors de l’évacuation de Dunkerque, et était donc assez affaiblie.", La France a été attaquée par l'Allemagne nazie. La France a été vaincue par l'Allemagne nazie.," The British had a strong navy and air force, but the Germans had a strong army.",0.8561033264433761,0.1819067219872818,12.012406036305205,6.677000470331221
"Q: These aren't very nimble so the trail has to take a long swerve around the Transantarctic Mountains to come onto the plateau.
A:","Ces derniers ne sont pas très agiles, de sorte que la piste doit faire une longue embardée autour des montagnes transantarctiques pour arriver sur le plateau."," Ces-ci ne sont pas très agiles, donc le sentier doit faire un grand détour autour des montagnes Transantarctiques pour arriver sur la plate-forme.", The Transantarctic Mountains are a mountain range in Antarctica that separates the East Antarctic Ice Sheet from the West Antarctic Ice Sheet.,36.19174049405417,1.2570568270750533,59.66343558700208,15.610480358756277
"Q: There are infinite variations possible, but this remains what most people mean when they talk of ""going to Disney World"".
A:","Une infinité de variations sont possibles, mais c’est ce qu’entendent la plupart des gens lorsqu’ils parlent d’« aller à Disney World »."," Il y a des variations infinies possibles, mais cela reste ce que la plupart des gens ont en tête quand ils parlent de ""aller à Disney World"".", The Magic Kingdom,13.785646846949897,0.0,56.944494623014094,1.448781541394822
"Q: A World's Fair (commonly called World Exposition, or simply Expo) is large international festival of arts and sciences.
A:",Une exposition internationale (communément appelée exposition universelle ou tout simplement expo) est un grand festival international des arts et des sciences.," Une foire mondiale (communément appelée foire mondiale, ou simplement foire) est un grand festival international d'arts et de sciences."," A World's Fair (commonly called World Exposition, or simply Expo) is large international festival of arts and sciences.",34.560054646264724,6.504188249254888,54.88867696860547,29.437483602256677
"Q: To Check the victim, you must first survey the scene to ensure your safety.
A:","Avant d'examiner la victime, assurez-votre sécurité en inspectant les lieux."," Pour vérifier la victime, vous devez d'abord inspecter la scène pour vous assurer de votre sécurité.", True,12.586347848916265,0.0,41.21089043924128,1.102941176470588
"Q: Then, a few years later in 1639, an English astronomer named Jeremiah Horrocks observed a transit of Venus.
A:","Puis, quelques années plus tard, en 1639, un astronome anglais du nom de Jeremiah Horrocks a observé un transit de Vénus."," Alors, quelques années plus tard en 1639, un astronome anglais nommé Jeremiah Horrocks a observé un transit de Vénus.", The transit of Venus is a rare astronomical event in which the planet Venus passes directly between the Sun and a superior planet.,74.6190694519013,1.4524352287301074,83.25541022390453,19.145048125777894
"Q: Nevertheless, there are many distinctive ways of drinking coffee around the world that are worth experiencing.
A:","Néanmoins, il existe de nombreuses façons de boire le café dans le monde entier qui valent la peine d'être expérimentées."," Cependant, il existe de nombreuses façons distinctes de boire du café dans le monde qui valent la peine d'être expérimentées."," En effet, il y a beaucoup de façons distinctes de boire du café dans le monde qui valent la peine d'être vécues.",67.32916112291822,35.8545191000871,78.82022584188401,51.45028117719724
"Q: During the last three decades, despite officially remaining a communist state, China has developed a market economy.
A:","Au cours des trois dernières décennies, bien qu’elle soit officiellement restée un État communiste, la Chine a développé une économie de marché."," Au cours des trois dernières décennies, malgré le fait qu'elle reste officiellement un État communiste, la Chine a développé une économie de marché.", True,68.56347391431373,0.0,81.1587905508106,0.6048387096774194
"Q: Hopefully, most people will realise that their long term best option is to work together with others.
A:",Il est à espérer que la plupart des gens réaliseront que leur meilleure option à long terme est de travailler ensemble., Espérons que la plupart des gens se rendent compte que leur meilleure option à long terme est de travailler ensemble avec les autres., Je ne sais pas.,51.02904728977014,0.19565086277504187,74.55453043318818,3.2950328082753786
"Q: Photons are even smaller than the stuff that makes up atoms!
A:",Les photons sont même plus petits que les particules formant les atomes !, Les photons sont encore plus petits que la matière qui compose les atomes!, False,26.46015952359329,0.0,59.29158261125884,1.3386880856760375
"Q: They normally offer higher bandwidth and better quality of service. They are encrypted and thus harder to spy on.
A:",Ils offrent normalement une plus grande largeur de bande et une meilleure qualité de service. Elles sont cryptées et donc plus difficiles à espionner., Ils offrent normalement une bande passante plus élevée et une meilleure qualité de service. Ils sont cryptés et donc plus difficiles à espionner., Les réseaux privés virtuels (VPN),61.11097052620983,0.0,76.05399517356366,3.1490418419432684
"Q: People with this type of thinking have logical thinking, are able to memorize patterns, solve problems and work on scientific tests.
A:","Les personnes ayant ce type de pensées ont une pensée logique, sont capables de mémoriser des modèles, de résoudre des problèmes et de travailler sur des tests scientifiques."," Les personnes qui ont ce type de pensée ont une pensée logique, sont capables de mémoriser des modèles, de résoudre des problèmes et de travailler sur des tests scientifiques.<eos>", Intelligence,76.75762232917613,0.0,90.65953257472736,2.0298688970435803
"Q: Following the race, Keselowski remains the Drivers' Championship leader with 2,250 points.
A:","À l'issue de la course, Keselowski reste en tête du Championnat des pilotes avec 2 250 points."," Après la course, Keselowski reste le leader du championnat des pilotes avec 2 250 points."," Keselowski remains the Drivers' Championship leader with 2,250 points.",54.86501767972344,5.784809590927464,71.65422224200715,30.53616932869868
"Q: In general, staying in any foreign country for an extended period of time will require you to obtain a visa in advance.
A:","En général, pour séjourner dans un pays étranger sur une longue période, vous devez obtenir au préalable un visa."," En général, rester dans un pays étranger pendant une période prolongée nécessitera d'obtenir un visa à l'avance.", True,19.61887304255141,0.0,47.29265641693626,1.3091772936707868
"Q: The city of Beijing in China will be the host city of the Olympic Winter Games in 2022, which will make it the first city to have hosted both the summer and winter Olympics.
A:","La ville de Pékin en Chine sera l'hôte des Jeux Olympiques d'hiver en 2022, ce qui en fera la première ville à avoir accueilli les Jeux d'été et ceux d'hiver."," La ville de Pékin en Chine sera la ville hôte des Jeux Olympiques d'hiver en 2022, ce qui en fera la première ville à avoir accueilli les deux Jeux olympiques d'été et d'hiver.<eos>", Beijing will be the first city to host both the summer and winter Olympics.,67.37064849923726,0.25483861853061457,84.92981565418984,8.704832244101594
"Q: The algae produces a neurotoxin that can disable nerves in both humans and fish.
A:",L'algue produit une neurotoxine qui peut paralyser les nerfs chez les humains et les poissons., Les algues produisent une neurotoxine qui peut désactiver les nerfs chez les humains et les poissons., The algae produces a neurotoxin that can disable nerves in both humans and fish.,60.5985641306705,3.4042402626514883,77.71313648623614,21.163694487120342
"Q: In the beginning of the war they mostly travelled on top of the sea, but as radar began developing and becoming more accurate the submarines were forced to go under water to avoid being seen.
A:","Au début de la guerre, ils voguaient essentiellement sur la mer. Mais au vu des progrès réalisés en matière de radars, et étant donné leur précision sans cesse grandissante, les sous-marins étaient obligé de passer sous l'eau pour ne pas être repérés."," Au début de la guerre, ils se déplaçaient principalement sur la mer, mais à mesure que le radar se développait et devenait plus précis, les sous-marins ont été contraints de descendre sous l'eau pour éviter"," The Germans were the first to develop the U-boat, and they were the first to use them in the war. They were very effective at first, but as the war went on the Allies developed better radar and sonar, and the U-boats",24.01576882725149,0.854611013806916,40.66815007334459,13.355415332173544
"Q: The temple of Artemis at Ephesus was destroyed on July 21, 356 BCE in an act of arson committed by Herostratus.
A:",Le temple d'Artémis à Ephèse a été détruit le 21 juillet 356 avant J.-C. lors d'un incendie criminel commis par Herostratus., Le temple d'Artémis à Éphèse a été détruit le 21 juillet 356 avant J.-C. par un incendie criminel commis par Herostratus.," Herostratus was a Greek arsonist who burned down the Temple of Artemis at Ephesus in 356 BCE. He was born in Ephesus, a city in Ionia, and was a member of the lower class. Herostratus was a",77.6340181638695,3.722876193273296,87.13261610657442,20.435027207922253
"Q: European Turkey (eastern Thrace or Rumelia in the Balkan peninsula) includes 3% of the country.
A:",La Turquie européenne (Thrace orientale ou Roumélie dans la péninsule balkanique) comprend 3 % du pays., La Turquie européenne (l'est de la Thrace ou la Roumélie dans la péninsule des Balkans) comprend 3% du pays., False,42.14243418322087,0.0,72.75279490934983,1.1705613785316282
"Q: The concept was that all European nations had to seek to prevent one nation from becoming powerful, and thus national governments often changed their alliances in order to maintain the balance.
A:","L'idée était que toutes les nations européennes empêchent une nation de devenir puissante, c'est pourquoi les gouvernements nationaux changeaient souvent d'alliances afin de maintenir l'équilibre."," Le concept était que toutes les nations européennes devaient chercher à empêcher une nation de devenir puissante, et ainsi les gouvernements nationaux ont souvent changé leurs alliances afin de maintenir l'équilibre.<eos>", The balance of power,50.45234726118345,0.0,72.65410020302764,2.225332067158363
"Q: As well as a former Olympic and World champion, Saito was the All Japan Judo Federation training committee chairman at the time of his death.
A:","En plus d'avoir été Champion Olympique et Champion du Monde, Saito était président de la Fédération Japonaise de Judo lors de son décès"," En plus d'être un ancien champion olympique et mondial, Saito était le président du comité d'entraînement de la Fédération japonaise de judo au moment de sa mort.<eos>"," Saito was a former Olympic and World champion, as well as the All Japan Judo Federation training committee chairman at the time of his death.",20.172174108093877,2.9557027952214296,48.54770413948719,20.593744583147657
"Q: Another famous Greek is a mathematician Pythagoras, mostly known for his famous theorem about relations of the sides of right triangles.
A:","Un autre grec célèbre est le mathématicien Pythagore, surtout connu pour son célèbre théorème sur les relations des côtés des triangles rectangles."," Un autre célèbre Grec est un mathématicien Pythagore, surtout connu pour son célèbre théorème sur les relations des côtés des triangles rectangles."," The Pythagorean theorem states that in a right triangle, the square of the hypotenuse is equal to the sum of the squares of the other two sides.",83.57214223469315,3.9588975335439174,88.90544857367819,19.149782022877478
"Q: RSPCA New South Wales chief inspector David O'Shannessy told the ABC that surveillance and inspections of abattoirs should be commonplace in Australia.
A:",L’inspecteur de chef de RSPCA New South Wales David O’Shannessy déclara à ABC que la surveillance et l’inspection des abattoirs devrait être une évidence en Australie.," Le chef inspecteur de l' RSPCA de Nouvelle-Galles du Sud, David O'Shannessy, a déclaré à l'ABC que la surveillance et les inspections des abattoirs devraient être courantes en Australie.<eos>", The RSPCA New South Wales chief inspector David O'Shannessy told the ABC that surveillance and inspections of abattoirs should be commonplace in Australia.,17.481200499767958,18.955166292042346,54.25986434164203,42.80770980856624
"Q: Vautier's achievements outside of directing include a hunger strike in 1973 against what he viewed as political censorship.
A:","Parmi les réalisations de Vautier en dehors de la mise en scène, on peut citer une grève de la faim en 1973 contre ce qu’il considérait comme de la censure politique.", Les réalisations de Vautier en dehors de la réalisation comprennent une grève de la faim en 1973 contre ce qu'il considérait comme une censure politique., Vautier's achievements outside of directing include a hunger strike in 1973 against what he viewed as political censorship.,54.98836790519622,3.395701061541967,70.0187777308498,17.583813724484358
"Q: Fire captain Scott Kouns said, ""It was a hot day in the Santa Clara with temperatures in the 90s.
A:",Le capitaine des pompiers Scott Kouns a déclaré : « C’était une journée chaude dans le comté de Santa Clara avec des températures dépassant 90 °F.," Le capitaine des pompiers Scott Kouns a dit, ""C'était une chaude journée à Santa Clara avec des températures dans les 90s."""," The fire captain said, ""It was a hot day in the Santa Clara with temperatures in the 90s.""",40.94747886499324,1.8128215103086287,63.85892167563385,18.78834740591909
"Q: The failure of the second sentence, which proposes to ban same-sex civil unions, could possibly open the door for civil unions in the future.
A:","La défaillance de la deuxième phrase, qui propose d'interdire les unions civiles entre personnes de même sexe, pourrait éventuellement ouvrir la porte à des unions civiles à l'avenir."," L'échec de la deuxième phrase, qui propose d'interdire les unions civiles homosexuelles, pourrait éventuellement ouvrir la voie aux unions civiles dans le futur."," The failure of the second sentence, which proposes to ban same-sex civil unions, could possibly open the door for civil unions in the future.",52.14847710228681,1.2177938322161268,63.86752605981722,19.97410116799833
"Q: His name is still unknown to authorities, although they do know he is a member of the Uighur ethnic group.
A:","Les autorités ignorent encore son nom, mais on sait tout de même qu'il est membre de l'ethnie Ouïghour."," Son nom n'est pas encore connu des autorités, bien qu'elles sachent qu'il est membre du groupe ethnique des Ouïghours.", Ilham Tohti,19.710660977672482,0.0,42.02941516903845,1.4124293785310733
"Q: ""It's going to behave like water. It's transparent just the way water is.
A:",« Il va se comporter comme l’eau. Il est transparent comme l’eau.," ""C'est aller se comporter comme l'eau. C'est transparent comme l'eau."""," ""It's going to behave like water. It's transparent just the way water is.""",24.518299917312845,2.273154356702287,59.17809141732269,20.912289092978952
"Q: As time passed, many words that were borrowed from German coalesced. This was the beginning of enlightenment.
A:","Au fil du temps, de nombreux mots empruntés à l'allemand se sont mélangés. Ce fut le début du développement."," Au fil du temps, de nombreux mots empruntés au germanique se sont amalgamés. C'est le début de l'éclaircissement.", True,36.68567376387231,0.0,59.104120276625835,1.1028887558103062
"Q: King Sejong was the fourth king of the Joseon Dynasty and is one of the most highly regarded.
A:",Sejong le Grand fut le quatrième roi de la dynastie Joseon et demeure l’un des souverains coréens les plus respectés., 왕세종은 조선왕조 제4대 왕으로 가장 존경받는 왕 중 한 명입니다., King Sejong was the fourth king of the Joseon Dynasty and is one of the most highly regarded. He was a great king who was loved by his people. He was a great king who was loved by his people. He was a great king,1.047614190410319,2.0536321507362905,0.8109099804305284,18.34921487585592
"Q: Learning to create interactive media requires conventional and traditional skills, as well as tools mastered in interactive classes (storyboarding, audio and video editing, story telling, etc.)
A:","Apprendre à créer des médias interactifs nécessite des compétences conventionnelles et traditionnelles, ainsi que des outils maîtrisés dans le cadre de cours interactifs (storyboarding, montage audio et vidéo, narration d'histoires, etc.)"," Apprendre à créer des médias interactifs nécessite des compétences conventionnelles et traditionnelles, ainsi que des outils maîtrisés dans les cours interactifs (storyboarding, édition audio et vidéo, storytelling, etc.)<eos>", True,72.38195790543752,0.0,80.74094626304714,0.4792205828731002
"Q: Hindi and Urdu are similar in vocabulary but different in script; in everyday conversations, speakers of both languages can usually understand each other.
A:","L'hindi et l'ourdou disposent d'un vocabulaire semblable mais d'une écriture différente ; lors d'une conversation de tous les jours, les locuteurs des deux langues peuvent en général se comprendre."," Hindi et Urdu sont similaires en vocabulaire mais différents en écriture; dans les conversations quotidiennes, les locuteurs de ces deux langues peuvent généralement se comprendre.", True,14.230859404571092,0.0,52.81239508341666,0.589372566455142
"Q: Now for Japan. Japan was an island country, just like Britain.
A:","Passons maintenant au Japon. Le Japon est un pays insulaire, tout comme la Grande-Bretagne."," Maintenant pour le Japon. Le Japon était un pays insulaire, tout comme la Grande-Bretagne.", True,70.64427343447376,0.0,77.1394888349557,0.9493670886075951
"Q: Maroochydore had finished on top of the ladder, six points clear of Noosa in second.
A:","Maroochydore avait terminé en haut de l'échelle, avec six points d'avance sur Noosa qui arrive en deuxième position."," Maroochydore a terminé en tête du classement, six points devant Noosa en deuxième position."," Maroochydore had finished on top of the ladder, six points clear of Noosa in second.",20.52379547779695,10.261897738898472,48.47055760145102,26.515652544099755
"Q: While they are usually privately owned, they sometimes accommodate visiting heads of state and other dignitaries.
A:","Bien qu’ils soient le plus souvent privés, certains accueillent parfois des chefs d’État ou d’autres dignitaires."," Bien que généralement détenus en privé, ils accueillent parfois les chefs d'État et autres dignitaires.", The White House,18.91075353484221,0.0,46.338446231130554,2.013952792309725
"Q: By early today, winds were around 83 km/h, and it was expect to keep weakening.
A:","En début de journée les vents soufflaient à environ 83 km/h, et ils devraient continuer à faiblir."," A: Avant le matin, les vents étaient autour de 83 km/h, et ils étaient attendus de continuer à s'affaiblir.", 1. The wind speed is 83 km/h.,28.42221565400837,5.607916112826588,46.4773325558065,9.181669699447896
"Q: Al Gore and General Tommy Franks casually rattle off their favorite headlines (Gore's was when The Onion reported he and Tipper were having the best sex of their lives after his 2000 Electoral College defeat).
A:",Al Gore et le général Tommy Franks énumèrent par hasard leurs gros titres préférés (celui de Gore était lorsque The Onion avait déclaré que Tipper et lui avaient eu la meilleure expérience sexuelle de leur vie après sa défaite au Collège électoral en 2000)., Al Gore et le général Tommy Franks ont calmement énuméré leurs titres de presse préférés (le titre de Gore était quand The Onion a rapporté qu'il et Tipper avaient eu le meilleur sexe de leur vie après sa défaite de ," ""I'm not sure I'd want to be the one to tell them that,"" says Gore, who is promoting his new book, ""An Inconvenient Truth."" ""I'm sure they'd be very happy to hear that",31.17098598285972,0.5808370298613951,50.726018542103446,8.940905296498315
"Q: Make sure you know what you can and cannot bring in and declare anything over the legal limits.
A:","Assurez-vous de savoir ce que vous pouvez et ne pouvez pas apporter, et déclarez tout ce qui dépasse les limites légales.", Assurez-vous de savoir ce que vous pouvez et ne pouvez pas apporter et déclarer tout ce qui dépasse les limites légales., 1. Make sure you know what you can and cannot bring in and declare anything over the legal limits.,78.49324644314797,1.128052367258353,91.60246211189195,12.395690557542405
"Q: It looks a bit daunting from below, and it is a steep and difficult ascent, but most reasonably fit persons should be able to make it in about 45 minutes.
A:","Cela semble un peu intimidant d'en bas, et c'est une ascension raide et difficile, mais les personnes les plus en forme devraient pouvoir le faire en 45 minutes environ."," Il semble un peu intimidant de dessous, et c'est une ascension raide et difficile, mais la plupart des personnes physiquement aptes devraient pouvoir le faire en environ 45 minutes.<eos>"," It is a steep and difficult ascent, but most reasonably fit persons should be able to make it in about 45 minutes.",50.0011489630616,2.110933210615578,71.97413748676956,18.770675477182223
"Q: Keep in mind while planning that although Southern Africa is stable not all neighboring countries are.
A:","Lors de la planification, gardez à l’esprit que, bien que l’Afrique australe soit stable, tous les pays voisins ne le sont pas."," Gardez à l'esprit que, bien que l'Afrique du Sud soit stable, tous les pays voisins ne le sont pas.", True,53.060182067679776,0.0,63.82340791452118,0.9374593190958733
"Q: Peter Costello, Australian treasurer and the man most likely to succeed Prime Minister John Howard as Liberal party leader has thrown his support behind a nuclear power industry in Australia.
A:","Peter Costello, ministre des Finances australien et probable successeur du Premier ministre John Howard à la tête du parti libéral, s'est déclaré favorable à l'idée d'une industrie nucléaire australienne."," Le trésorier australien Peter Costello, le plus probable pour succéder au Premier ministre John Howard comme chef du parti libéral, a soutenu l'industrie nucléaire en Australie.<eos>"," Costello said that nuclear power was a ""viable option"" for Australia, and that the government should consider it as part of its energy policy.",20.648318883704455,1.567397202069836,49.48974080098097,15.339892935504619
"Q: Also give policy/contact copies to traveling companions and relatives or friends back home willing to help.
A:",Donnez également des exemplaires de la réglementation et des contacts aux compagnons de voyage et aux parents ou amis à la maison qui sont prêts à vous aider.," Aussi, donner des copies de la politique/contact à des compagnons de voyage et des parents ou des amis à la maison prêts à aider."," 1. Make copies of your passport, visa, and other travel documents.",22.141752151181542,0.6480473791415136,48.51891193460629,7.61426904816639
"Q: Some of the applications in this category can even translate texts in foreign languages on signs or other objects in the real world when the user points the smartphone towards those objects.
A:",Certaines des applications de cette catégorie peuvent même traduire des textes en langue étrangère inscrits sur des panneaux ou d'autres objets du quotidien lorsque l'utilisateur pointe son smartphone vers eux., Certaines des applications de cette catégorie peuvent même traduire des textes dans des langues étrangères sur des panneaux ou d'autres objets dans le monde réel lorsque l'utilisateur pointe le smartphone vers ces objets.<eos>, True,54.4540965896709,0.0,75.57006115353096,0.5504424446151426
"Q: Animals are found all over the earth. They dig in the ground, swim in the oceans, and fly in the sky.
A:","On trouve des animaux partout sur la Terre. Ils creusent le sol, nagent dans les océans et volent dans le ciel."," Les animaux sont trouvés partout sur la terre. Ils creusent dans le sol, nagent dans les océans, et volent dans le ciel.", True,57.7510755728874,0.0,77.62572011338278,1.0869565217391304
"Q: He went on to say, ""This case is serious. Rest assured that our system is working as well as it should.""
A:","""Il continua en disant, """"Il s'agit là d'une affaire sérieuse. Soyez certains que notre système fonctionne aussi bien qu'il le devrait.""""""", Il a ajouté que ce cas est sérieux. Soyez assuré que notre système fonctionne aussi bien qu'il devrait., Il a dit que c'était grave. Sachez que notre système fonctionne bien.,28.42421934013762,8.104165802109584,45.143492204460486,27.822586153388823
"Q: Pureland origami is origami with the restriction that only one fold may be done at a time, more complex folds like reverse folds are not allowed, and all folds have straightforward locations.
A:","L'origami Pureland est un origami avec la contrainte qu'un seul pli peut être fait à la fois, les plis plus complexes comme les plis inversés ne sont pas autorisés, et tous les plis ont des emplacements simples."," L'origami pur est l'origami avec la restriction que seule une pliure peut être faite à la fois, des plis plus complexes comme des plis inversés ne sont pas autorisés, et tous les plis ont des emplacements simples.", The pureland origami is a type of origami that is made by folding a single sheet of paper. It is a type of origami that is made by folding a single sheet of paper. It is a type of origami that is made by folding a single,57.38873231426253,1.5201746165198808,73.8531054903243,15.76813042175133
"Q: The native inhabitants of Greenland call themselves Inuit in Canada and Kalaalleq (plural Kalaallit), a Greenlander, in Greenland.
A:","Les habitants autochtones du Groenland se nomment Inuit au Canada et Kalaalleq (pluriel Kalaallit), Groenlandais, au Groenland."," Les habitants originaires du Groenland se nomment Inuit au Canada et Kalaallit (pluriel Kalaallit), un Groenlandais, au Groenland.", Inuit,73.82945973307393,1.5229979744712636e-06,82.97311436149735,3.8126822147339783
"Q: Nitrogen as a gas still has the same properties as liquid nitrogen. The liquid state is denser but the molecules are still the same.
A:","L'azote sous forme gazeuse conserve les mêmes propriétés que l'azote liquide. L'état liquide est plus dense, mais les molécules restent identiques.", L'azote en tant que gaz a toujours les mêmes propriétés que l'azote liquide. L'état liquide est plus dense mais les molécules sont toujours les mêmes.," Nitrogen is a gas at room temperature and pressure. It is a colorless, odorless, tasteless, non-toxic, and inert diatomic gas. It is the most abundant gas in the atmosphere, making up about 78% of the air. Nitrogen",61.47250189441657,0.7821590010947429,66.63121383751364,14.869631435872616
"Q: The search had been hampered by the same bad weather that had caused the aborted landing.
A:",Les recherches avaient été entravées par le même mauvais temps qui avait entraîné l'atterrissage avorté., La recherche avait été entravée par le même mauvais temps qui avait causé l'atterrissage manqué., The search had been hampered by the same bad weather that had caused the aborted landing.,42.74523359076816,1.3012817232777962,63.59903045169565,12.210914314349882
"Q: In fact, there is not one good thing to learn.Learning takes place in the experience between the learner and the knowledge presented.
A:","En fait, il n'y a pas une seule bonne chose à apprendre. L'apprentissage se fait dans l'expérience entre l'apprenant et le savoir présenté."," En fait, il n'y a pas une bonne chose à apprendre. L'apprentissage se produit dans l'expérience entre l'apprenant et la connaissance présentée.", The learner is the one who learns.,76.57127129924358,0.15476600852377417,80.36910336290504,4.856990526058839
"Q: This causes the skater to turn. If the skates tilt to the right, the skater turns right, if the skates tilt to the left, the skater turns left.
A:","Cela fait tourner le patineur. Si les patins penchent vers la droite, le patineur tourne à droite, si les patins penchent vers la gauche, le patineur tourne à gauche."," Cela fait tourner le patineur. Si les patins penchent à droite, le patineur tourne à droite, si les patins penchent à gauche, le patineur tourne à gauche.<eos>", The skater's weight is distributed unevenly on the skates.,81.17003787680575,0.3481468430987071,86.622311028904,6.359310424090752
"Q: This is believed to be the fifth time in history that people have observed what turned out to be chemically confirmed martian material falling to Earth.
A:","Il s’agirait de la cinquième fois dans l'histoire de l’humanité que l'on aurait observé la chute sur la Terre de matières, dont l'analyse chimique aurait confirmé qu'elles seraient originaires de Mars.", On croit que c'est la cinquième fois dans l'histoire que les gens ont observé ce qui s'est avéré être du matériel martien chimiquement confirmé tombant sur Terre.<eos>, True,19.540364078423522,0.0,34.98752000554109,0.7278589954947153
"Q: Followers pursue certain ways of living, or practices that are intended to nurture those experiences.
A:","Les adeptes poursuivent certains modes de vie, ou des pratiques qui visent à nourrir ces expériences."," Les adeptes poursuivent certains modes de vie, ou des pratiques qui sont destinées à nourrir ces expériences.", True,79.47545184555567,0.0,89.803737387584,1.1537900950516902
"Q: The outer-part we see when we look at the Sun is called the photosphere, which means ""ball of light"".
A:","La partie extérieure que nous voyons lorsque nous regardons le Soleil s’appelle la photosphère, ce qui signifie « boule de lumière »."," La partie extérieure que nous voyons lorsque nous regardons le Soleil s'appelle la photosphère, qui signifie ""boule de lumière""."," The photosphere is the visible surface of the Sun, which is the layer of the Sun's atmosphere that emits the light we see. It is the layer of the Sun's atmosphere that emits the light we see.",63.21944687523158,0.9798555761147508,83.86695031627573,14.268299106281997
"Q: Some medium-format film cameras use a 6 by 6 cm format, more precisely a 56 by 56 mm negative.
A:","Certaines caméras de moyen format utilisent un format de 6 par 6 cm, plus précisément un négatif de 56 par 56 mm."," Certains appareils photo grand format utilisent un format 6 par 6 cm, plus précisément un négatif 56 par 56 mm."," 6x6cm is 2.4""x2.4""",56.58006368672554,0.567882399337016,71.07213965115106,1.8012506172078513
"Q: Most televisions are made in a way to please the general public.
A:",La plupart des télévisions sont fabriquées de manière à plaire au grand public., La plupart des télévisions sont fabriquées d'une manière pour plaire au public en général., True,50.1310627231278,0.0,72.69588712425724,1.102941176470588
"Q: Submarines were used in World War I and World War II. Back then they were very slow and had a very limited shooting range.
A:","Les sous-marins ont été utilisés pendant la Première et la Deuxième Guerre mondiale. À l’époque, ils étaient très lents et avaient une portée de tir très limitée."," Les sous-marins ont été utilisés pendant la Première Guerre mondiale et la Seconde Guerre mondiale. À l'époque, ils étaient très lents et avaient une portée de tir très limitée.<eos>", The first submarine was invented in 1776 by the American inventor David Bushnell. It was called the Turtle. It was a small submarine that was used to attack British ships. The Turtle was a very slow boat and had a very limited,68.70419297867943,0.7716270058689811,85.38490439014133,15.29553218557461
"Q: Many people dream of the day when humans can travel to another star and explore other worlds, some people wonder what's out there some belive that aliens or other life may live on another plant.
A:","Beaucoup rêvent du jour où nous pourrons voyager vers une autre étoile et explorer d'autres mondes. Pour certains, il s'agit de savoir ce qu'il y a ailleurs, d'autres croient que des extraterrestres ou d'autres formes de vie pourraient vivre sur une autre planète."," Beaucoup de gens rêvent du jour où les humains pourront voyager vers une autre étoile et explorer d'autres mondes, certains se demandent ce qui se trouve là-bas, certains pensent que des extraterrestres ou d'autres formes de"," The universe is a vast place, and there are many things that we don't know about it. We have only explored a tiny fraction of the universe, and there are many things that we don't know about it. We don't",41.59986301689805,0.858021217839951,56.32110314284389,13.029450804272017
"Q: On the accordion, to get extra volume, you use the bellows with more pressure or speed.
A:","Avec l'accordéon, pour produire plus de volume, actionnez le soufflet en augmentant la pression ou la vitesse des mouvements."," Sur l'accordéon, pour avoir plus de volume, on utilise les soufflets avec plus de pression ou de vitesse.", Plus,29.4494071142109,0.0,46.09723735468272,1.4004203890501403
"Q: He joined them in 1945 and stayed until 1958.
A:",Il le rejoint en 1945 et y reste jusqu'en 1958., Il a rejoint eux en 1945 et est resté jusqu'en 1958., He joined them in 1945 and stayed until 1958.,27.22589423069702,3.715939007251811,62.78855332682131,24.511135506132042
"Q: Coffee is one of the world's most traded commodities, and you can probably find many types in your home region.
A:","Le café est l’une des marchandises les plus vendues au monde, et vous pouvez probablement en trouver de nombreux types dans votre région d’origine."," Le café est l'une des denrées les plus échangées au monde, et vous pouvez probablement trouver de nombreux types dans votre région.", True,45.54706722568655,0.0,72.33436820061587,0.8021075817876899
"Q: Early in the nation's independence, Singapore Botanic Gardens' expertise helped to transform the island into a tropical Garden City.
A:","Au lendemain de son indépendance, Singapour a acquis une expertise dans le domaine des jardins botaniques. Cet Etat insulaire s'est par la suite transformé en une cité jardin de type tropical."," Au début de l'indépendance de la nation, les jardins botaniques de Singapour ont aidé à transformer l'île en une ville tropicale.", True,10.260305320884779,0.0,33.97463284621427,0.6147342676414438
"Q: Estimates range from 340 million to 500 million speakers, and as many as 800 million people can understand the language.
A:","Les estimations varient de 340 millions à 500 millions de locuteurs, et jusqu'à 800 millions de personnes peuvent comprendre la langue."," Les estimations vont de 340 millions à 500 millions de locuteurs, et jusqu'à 800 millions de personnes peuvent comprendre la langue.", English,86.58691074049544,0.0,94.34936511073721,1.0740404425046624
"Q: An immigration checkpoint is usually the first stop when disembarking from a plane, a ship, or another vehicle.
A:","Un point de contrôle d'immigration est habituellement la première étape lorsque vous débarquez d'un avion, d'un bateau ou d'un autre véhicule."," Un poste de contrôle d'immigration est généralement la première étape lorsqu'on débarque d'un avion, d'un bateau ou d'un autre véhicule.", True,66.03723249428292,0.0,77.10210955905596,0.8151850683436681
"Q: It was based on the German alphabet and one character ""Õ/õ"" was added.
A:",Il était basé sur l'alphabet allemand et un caractère « Õ/õ » a été ajouté.," C'était basé sur l'alphabet allemand et un caractère ""Õ/õ"" a été ajouté.", The Finnish alphabet,62.3267571707452,0.10737547010277865,80.54837479042115,9.384371675736695
"Q: In its most recent monthly report, OPEC said exports of crude had fallen to their lowest level for two decades at 2.8 million barrels per day.
A:","Dans son dernier rapport mensuel, l'OPEP a déclaré que les exportations de brut étaient tombées à leur niveau le plus bas depuis deux décennies, soit 2,8 millions de barils par jour."," Dans son dernier rapport mensuel, l'OPEP a déclaré que les exportations de brut avaient chuté à leur plus bas niveau depuis deux décennies à 2,8 millions de barils par jour."," The report said that the decline was due to a drop in production in Iran, Iraq and Libya.",71.57285404074594,0.7267737464334058,80.22277837461357,9.78132359256952
"Q: The storm, situated about 645 miles (1040 km) west of the Cape Verde islands, is likely to dissipate before threatening any land areas, forecasters say.
A:","Selon les météorologues, il est probable que la tempête, située à environ 645 miles (1 040 km) à l’ouest du Cap-Vert, se dissipe avant de menacer quelque rivage que ce soit."," La tempête, située à environ 645 miles (1040 km) à l'ouest des îles du Cap-Vert, est susceptible de s'estomper avant de menacer les zones terrestres, selon les pré"," The storm, situated about 645 miles (1040 km) west of the Cape Verde islands, is likely to dissipate before threatening any land areas, forecasters say.",36.62831332006104,5.164145567988268,52.38025077719941,24.49294581929669
"Q: There are a limited number permits reserved for walk-in requests available on a first come, first served basis.
A:","Les permis sont en nombre limité et sont réservés aux personnes qui se présentent sur place, suivant le principe du premier arrivé, premier servi."," Il y a un nombre limité de permis réservés pour les demandes par courrier disponible sur une base de premier arrivé, premier servi."," There are a limited number of permits reserved for walk-in requests available on a first come, first served basis.",22.10046070868187,1.472939338203778,42.548644841349194,15.39661424890264
"Q: The sign was not physically damaged; the modification was done using black tarpaulins decorated with signs of peace and heart to alter the ""O"" to read lowercase ""e"".
A:",Le panneau n’a pas été endommagé ; la modification a été faite à l’aide de bâches noires décorées avec le symbole de la paix et celui de cœur pour changer le « O » en « e » minuscule.," Le panneau n'a pas été physiquement endommagé; la modification a été effectuée à l'aide de bâches noires décorées de signes de paix et de cœurs pour modifier l'O en minuscule ""e"".<eos>"," The sign was not physically damaged; the modification was done using black tarpaulins decorated with signs of peace and heart to alter the ""O"" to read lowercase ""e"".",33.76214842288084,1.1478807828348832,54.225578098332406,17.718922090816
"Q: The commissioner sets bail, if granted, and formalizes the charges filed by the arresting officer. The charges are then entered into the state's computer system where the case is tracked.
A:","Le commissaire fixe la caution, si elle est accordée, et formalise les accusations portées par l'agent qui a procédé à l'arrestation. Les accusations sont ensuite saisies dans le système informatique de l'État où l'affaire est suivie."," Le commissaire fixe la caution, si elle est accordée, et formalise les accusations déposées par l'officier d'arrestation. Les accusations sont ensuite entrées dans le système informatique de l'État où l'affaire est suivie", True,74.47489099186647,0.0,82.16847943361464,0.5008210180623974
"Q: The International Olympic Committee voted to include the sports at its executive board meeting in Berlin today. Rugby, specifically rugby union, and golf were selected over five other sports to be considered to participate in the Olympics.
A:","Le Comité international olympique a voté l’inclusion de ces sports lors de la réunion de son conseil d’administration à Berlin aujourd’hui. Le rugby, plus précisément le rugby collectif, et le golf ont été choisis parmi cinq autres sports pour participer aux Jeux olympiques."," Le Comité international olympique a voté pour inclure les sports à sa réunion du conseil exécutif à Berlin aujourd'hui. Rugby, spécifiquement le rugby à XV, et le golf ont été sélectionnés sur cinq autres sports pour être considérés"," The International Olympic Committee voted to include the sports at its executive board meeting in Berlin today. Rugby, specifically rugby union, and golf were selected over five other sports to be considered to participate in the Olympics.",28.07008028153746,1.7943625781126296,51.35811326412387,25.37698132566116
"Q: While immigration check is usually absent or a formality when you arrive in your homeland, customs control can be a hassle.
A:","Alors que le contrôle de l'immigration est généralement absent ou constitue une formalité à l'arrivée dans votre pays d'origine, le contrôle douanier peut être une source de tracas."," Bien que le contrôle des douanes soit souvent absent ou une formalité lorsque vous arrivez dans votre pays d'origine, le contrôle des douanes peut être une corvée.", Customs control is a hassle.,29.430129460076007,0.06134829786013697,56.28905741687693,4.130122338442591
"Q: At least 100 people had attended the party, in order to celebrate the first anniversary of a couple whose wedding was held last year.
A:","Au moins 100 personnes avaient assisté à la fête, afin de célébrer le premier anniversaire d'un couple dont le mariage s'est tenu l'an passé."," Au moins 100 personnes avaient assisté à la fête, afin de célébrer le premier anniversaire d'un couple dont le mariage avait été célébré l'année dernière."," Au moins 100 personnes avaient assisté à la fête, pour célébrer le premier anniversaire d'un couple dont le mariage avait eu lieu l'année dernière.",75.79370986942091,67.966062673185,83.6877432940045,77.8221868744171
"Q: The most important factor of this mindset is: there is only one correct answer. You only think of two answers, namely right or wrong.
A:","Le facteur primordial de cet état d'esprit : seule une réponse est adaptée. Vous ne pensez qu’à deux options : soit c'est la bonne réponse, soit c'est une mauvaise réponse."," Le facteur le plus important de cette mentalité est: il n'y a qu'une seule réponse correcte. Vous pensez à deux réponses, soit juste ou faux.<eos>"," The most important factor of this mindset is: there is only one correct answer. You only think of two answers, namely right or wrong.",5.454101358683649,0.9910094987907395,31.983400130317214,12.219906319423016
"Q: Roberts flatly refused to say about when he believes life begins, an important question when considering the ethics of abortion, saying that it would be unethical to comment on the specifics of likely cases.
A:","Roberts a refusé catégoriquement de clarifier à quel moment il croyait que la vie commence après conception, une question importante dans le cadre du débat éthique sur l'avortement, en répondant qu'il serait contraire à la déontologie de s'exprimer sur des détails précis qui pourraient faire partie de cas juridiques probables."," Roberts a refusé catégoriquement de dire quand il croit que la vie commence, une question importante lorsqu'on considère l'éthique de l'avortement, en disant que ce serait contraire à l'éthique de commenter les cas"," Roberts flatly refused to say about when he believes life begins, an important question when considering the ethics of abortion, saying that it would be unethical to comment on the specifics of likely cases.",25.22782464128117,1.1081598926791087,44.520336988661214,17.802246804677814
"Q: Its large glazed windows and thin walls would not have been able to resist a determined attack for long.
A:",Ses baies fenêtres vitrées et ses minces parois n'auraient pas pu résister longtemps à un assaut acharné., Ses grandes fenêtres vitrées et ses murs minces n'auraient pas pu résister à une attaque déterminée pendant longtemps., The castle was not very strong.,46.334507654630094,0.27494399600361996,61.21378535519383,6.218293315585137
"Q: An official with the gas company was reporting to the scene after a neighbor called about a gas leak.
A:",Un agent de la compagnie de gaz s'est rendu sur les lieux après qu'un voisin ait appelé au sujet d'une fuite de gaz., Un officier de la compagnie de gaz était en train de se rendre sur les lieux après qu'un voisin l'avait appelé pour signaler une fuite de gaz., The gas company official was reporting to the scene after a neighbor called about a gas leak.,42.4160921042299,1.0507564427741602,64.49982285529836,11.780303717111543
"Q: Its second claw was larger, giving rise to the name Hesperonychus which means ""western claw.""
A:","Sa deuxième griffe était plus grande, ce qui a engendré le nom Hesperonychus, qui signifie « griffe occidentale »."," Son deuxième griffon était plus grand, ce qui a donné naissance au nom Hesperonychus, qui signifie ""griffon occidental.""", Hesperonychus,29.522303022276166,0.055308437014783385,61.87424435328912,12.491930024894463
"Q: We know many Greek politicians, scientists, and artists. Possibly the most known person of this culture is Homer, the legendary blind poet, who composed two masterpieces of Greek literature: the poems Iliad and Odyssey.
A:","Nous connaissons de nombreux hommes politiques, scientifiques et artistes grecs. Mais le plus célèbre de toute cette civilisation est probablement Homère, le poète aveugle auteur des deux plus grands chefs-d'œuvre de la littérature grecque : les poèmes de l'Iliade et l'Odyssée."," Nous connaissons de nombreux politiciens, scientifiques et artistes grecs. Peut-être la personne la plus connue de cette culture est Homère, le poète aveugle légendaire, qui a composé deux chefs-d'œuvre de la"," Homer is the legendary blind poet, who composed two masterpieces of Greek literature: the poems Iliad and Odyssey.",32.23098285678766,0.40503681766382,48.19526385179021,11.21915313160375
"Q: Some people believe that experiencing many artificially induced lucid dreams often enough can be very exhausting.
A:",Certaines personnes pensent que faire de nombreux rêves lucides provoqués artificiellement et assez souvent peut être très épuisant., Certains pensent que l'expérience de nombreux rêves lucides artificiels assez souvent peut être très épuisant., C'est vrai.,51.497322032579355,0.10737547010277865,66.97113092866056,2.2616568579856287
"Q: A visit to the site can be conveniently combined with a boat trip to the lake.
A:",La visite du site peut être agréablement associée à une promenade en bateau sur le lac., Une visite au site peut être combinée avec une excursion en bateau sur le lac., Une visite au site peut être combinée avec une excursion en bateau sur le lac.,30.706383888915393,30.706383888915393,50.080044591110926,50.080044591110926
"Q: The presenter, who was arrested at the scene, denied the attack and claimed he used the pole to protect himself from bottles being thrown at him by up to thirty people.
A:","Le présentateur, qui a été arrêté sur les lieux, a nié l'attaque et affirmé qu'il avait utilisé le poteau pour se protéger des bouteilles que lui lançaient jusqu'à trente personnes."," Le présentateur, qui a été arrêté sur les lieux, a nié l'attaque et a affirmé qu'il avait utilisé le bâton pour se protéger des bouteilles jetées par jusqu'à trente personnes."," The presenter, who was arrested at the scene, denied the attack and claimed he used the pole to protect himself from bottles being thrown at him by up to thirty people.",74.24909132809749,0.9233935228624948,83.08535145854256,15.006867475980595
"Q: Dark clouds unrelated to any volcanic activity were reported at the base of the mountain.
A:",Des nuages sombres sans rapport avec une quelconque activité volcanique ont été signalés à la base de la montagne.," Des nuages sombres, non liés à aucune activité volcanique, ont été signalés à la base du mont.", The dark clouds were unrelated to any volcanic activity.,48.27228407856369,2.152935261358287,58.01269405445154,13.469142073660315
"Q: Within a few short years following the arrival of European explorers, the population of Tainos had significantly been reduced by the Spanish conquerors
A:","En quelques années à peine après l'arrivée des explorateurs européens, la population d'indigènes Taïnos avait considérablement diminué du fait des conquistadors espagnols."," Dans les années qui ont suivi l'arrivée des explorateurs européens, la population des Tainos a été considérablement réduite par les conquistadors espagnols.<eos>", True,42.32083434990574,0.0,57.86975299832239,0.8292620568144553
"Q: Besides carrying three important scientific instruments, the lunar probe also carried the image of the Indian national flag, painted on all sides.
A:","En plus de contenir trois instruments scientifiques importants, la sonde lunaire arborait également l'image du drapeau national indien, peint sur toutes ses faces."," En plus de transporter trois instruments scientifiques importants, la sonde lunaire a également transporté l'image du drapeau national indien, peinte sur toutes les faces.", The Indian flag was painted on the lunar probe to show the world that India is a great nation.,59.98346403112304,0.8734513882715711,79.28978270856739,12.00411876438353
"Q: The study found that depression, fear and catastrophising mediated the relationship between pain and disability in lower back pain sufferers.
A:","L'étude a révélé que la dépression, la peur et le catastrophisme étaient à l'origine de la relation entre la douleur et le handicap chez les personnes souffrant de douleurs au bas du dos."," L'étude a révélé que la dépression, la peur et la catastrophisation médiatisent la relation entre la douleur et la handicap dans les patients souffrant de lombalgie.", True,44.96272627190894,0.0,60.56379959395547,0.6423768504073218
"Q: In some federal countries, such as the United States and Canada, income tax is levied both at the federal level and at the local level, so the rates and brackets can vary from region to region.
A:","Dans certains pays fédéraux tels que les États-Unis et le Canada, l'impôt sur le revenu est prélevé à la fois au niveau fédéral et au niveau local, de sorte que les taux et les tranches d'imposition peuvent varier d'une région à l'autre."," Dans certains pays fédéraux, comme les États-Unis et le Canada, l'impôt sur le revenu est perçu à la fois au niveau fédéral et au niveau local, de sorte que les taux et les tranches peuvent varier d'une", True,68.53816333242051,0.0,79.2847738638325,0.5084604860147075
"Q: “It will move over the west coast of northern California and will light the sky from California through central Oregon and on through Nevada and Idaho and into Utah,” Tom Duxbury, Stardust's project manager said.
A:","« Elle survolera la côte ouest de la Californie du Nord et illuminera le ciel de l’Oregon, du Nevada, de l’Idaho et de l’Utah », a déclaré le directeur de projet de Stardust, Tom Duxbury."," “Il se déplacera sur la côte ouest de la Californie du Nord et éclairera le ciel de la Californie à travers l'Oregon central et jusqu'au Nevada et à l'Idaho et jusqu'au Utah,” a déclaré Tom D"," “It will move over the west coast of northern California and will light the sky from California through central Oregon and on through Nevada and Idaho and into Utah,” Tom Duxbury, Stardust's project manager said.",28.719483829721053,5.824785044795592,44.3863955774502,24.277105631728126
"Q: Phnom Krom, 12 km southwest of Siem Reap. This hilltop temple was built at the end of the 9th century, during the reign of King Yasovarman.
A:","Phnom Krom, à 12 km de Siem Reap. Ce temple situé au sommet d'une colline a été érigé à la fin du IXe siècle, sous le règne du roi Yasovarman."," Phnom Krom, 12 km southwest of Siem Reap. This hilltop temple was built at the end of the 9th century, during the reign of King Yasovarman.", Angkor Wat,15.919300004823608,0.0,32.499532062075986,0.9490238611713666
"Q: Entering Southern Africa by car is an amazing way to see all the region's beauty as well as to get to places off the normal tourist routes.
A:","Entrer en Afrique australe en voiture est un moyen incroyable de voir toute la beauté de la région, aussi bien que pour se rendre à des endroits hors des routes touristiques normales.", Entrer en Afrique du Sud en voiture est une façon incroyable de voir toute la beauté de la région ainsi que d'aller dans des endroits hors des sentiers battus.<eos>, True,44.24024448808548,0.0,57.59244526203696,0.6549996502226915
"Q: Mysticism can be distinguished from other forms of religious belief and worship by its emphasis on the direct personal experience of a unique state of consciousness, particularly those of a peaceful, insightful, blissful, or even ecstatic character.
A:","Le mysticisme peut être distingué des autres formes de culte et de croyance à caractère religieux par son accent sur l'expérience personnelle directe d'un état unique de conscience, notamment dans le cas d'une personnalité paisible, intuitive, heureuse, voire extatique."," Le mysticisme peut être distingué des autres formes de croyance et de culte religieux par son accent sur l'expérience personnelle directe d'un état de conscience unique, en particulier ceux d'un caractère paisible, perspicace, heureux", True,52.18091293834741,0.0,68.4412640694574,0.42978908346450395
"Q: Compared to most of the other royal tombs, however, the tomb of Tutankhamun is barely worth visiting, being much smaller and with limited decoration.
A:","Cependant, comparé à la plupart des autres tombes royales, le tombeau de Toutankhamon ne vaut guère la peine d'être visité, étant beaucoup plus petit et avec une décoration limitée."," Par rapport à la plupart des autres tombes royales, cependant, la tombe de Tutankhamon est à peine digne d'être visitée, étant beaucoup plus petite et avec une décoration limitée.<eos>"," The tomb of Tutankhamun is the most famous royal tomb in Egypt. It is the only royal tomb that has been found intact. The tomb is located in the Valley of the Kings, which is a valley in the Theban Hills on the",42.79770557186218,1.7611044047748272,68.28258269357215,16.660337068264482
"Q: The band canceled the show at Maui's War Memorial Stadium, which was set to be attended by 9,000 people, and apologized to fans.
A:","Le groupe a annulé le spectacle au stade du mémorial de guerre de Maui, qui devait accueillir 9 000 personnes, et s’est excusé auprès des fans."," Le groupe a annulé le spectacle au Maui's War Memorial Stadium, qui devait être assisté par 9 000 personnes, et s'est excusé auprès des fans.<eos>"," The band canceled the show at Maui's War Memorial Stadium, which was set to be attended by 9,000 people, and apologized to fans.",46.75692998759382,3.1530550332632274,64.07643341758724,16.803845923585506
"Q: The Canal District (Dutch: Grachtengordel) is the famous 17th-century district surrounding the Binnenstad of Amsterdam.
A:",Le quartier du canal (Grachtengordel en néerlandais) est le célèbre quartier du XVIIe siècle qui entoure la Binnenstad d'Amsterdam., Le Canal District (néerlandais: Grachtengordel) est le célèbre quartier du 17e siècle entourant la Binnenstad d'Amsterdam., The Canal District (Dutch: Grachtengordel) is the famous 17th-century district surrounding the Binnenstad of Amsterdam.,48.05668038128438,4.682957562580821,62.80283276831491,26.866593809045575
"Q: Especially in your initial days, consider splurging on Western-style and -quality hotels, food, and services to help acclimatize.
A:","Surtout au début, pensez à faire des folies dans les hôtels, la nourriture et les services de style et de qualité occidentaux pour vous aider à vous acclimater."," En particulier, lors de vos premiers jours, pensez à dépenser dans des hôtels, de la nourriture et des services de style et de qualité occidentaux pour vous aider à vous acclimater.", True,51.57666266394993,0.0,70.3345650590353,0.5597014925373134
"Q: Many exotic animals are hard to find, and parks sometimes have rules about taking photographs for commercial purposes.
A:","De nombreux animaux exotiques sont difficiles à trouver, et les parcs ont parfois des règles relatives à la prise de photos à des fins commerciales."," Beaucoup d'animaux exotiques sont difficiles à trouver, et les parcs ont parfois des règles sur la prise de photos à des fins commerciales."," Many exotic animals are hard to find, and parks sometimes have rules about taking photographs for commercial purposes.",73.56760090915462,1.59426280433703,82.52223175618954,20.30918694360033
"Q: Towering above the north end of Machu Picchu is this steep mountain, often the backdrop to many photos of the ruins.
A:","Cette montagne escarpée, qui domine l'extrémité nord du Machu Picchu, sert souvent de toile de fond à de nombreuses photos des ruines."," Au nord de Machu Picchu, ce mont escarpé domine les ruines.", Huayna Picchu,12.147624877447463,0.008346467680661506,29.704974374220335,4.03446596742882
"Q: Several places in Rotorua offer geothermal hangi, while other hangi can be sampled in Christchurch, Wellington and elsewhere.
A:","Plusieurs endroits à Rotorua offrent des hangis géothermiques, tandis que d’autres hangis peuvent être échantillonnés à Christchurch, Wellington et ailleurs."," Plusieurs endroits à Rotorua offrent des hanges géothermiques, tandis que d'autres hanges peuvent être dégustés à Christchurch, Wellington et ailleurs.", Hangi is a traditional Maori method of cooking food in an earth oven. The hangi is a pit in the ground lined with stones and filled with hot rocks. The food is placed on the rocks and covered with soil. The hangi is then covered with,69.04035245018959,0.6735878102046052,80.69438667709787,16.74660729657269
"Q: General John Cadwalder would launch a diversionary attack against the British garrison at Bordentown, in order to block off any reinforcements.
A:","Le général John Cadwalder lance une attaque de diversion contre la garnison britannique de Bordentown, afin de bloquer tout renfort."," Le général John Cadwalder lancera une attaque de diversion contre le garnison britannique à Bordentown, afin de bloquer toute renfort.", True,68.13430964678759,0.0,84.0510167665129,0.8797287113790504
"Q: Since Pakistani independence from British rule in 1947, the Pakistani President has appointed ""Political Agents"" to govern FATA, who exercise near-complete autonomous control over the areas.
A:","Depuis l'indépendance du Pakistan, qui s'est affranchi de la domination britannique en 1947, le président pakistanais a nommé des « agents politiques » pour gouverner les zones tribales, ceux-ci exerçant un contrôle indépendant quasi complet sur ces régions."," Depuis l'indépendance du Pakistan en 1947, le président pakistanais a nommé des ""agents politiques"" pour gouverner la FATA, qui exercent un contrôle autonome presque complet sur les zones.", True,30.492818482012574,0.0,57.47016578350116,0.45111650646050205
"Q: It was developed by John Smith in the 1970s to help inexperienced folders or those with limited motor skills.
A:",Il a été développé par John Smith dans les années 1970 pour aider les personnes inexpérimentées ou ayant des capacités motrices limitées., C'est développé par John Smith dans les années 1970 pour aider les novices ou ceux qui ont des compétences motrices limitées., The Smith-Stebbins method,48.21197078276413,0.2129980035369514,63.95689207720614,4.011108830711159
"Q: They need to show the insurer's e-mail address and international phone numbers for advice/authorizations and making claims.
A:",Ils doivent présenter l'adresse e-mail et les numéros de téléphone internationaux de l'assureur pour obtenir des conseils/autorisations et effectuer les demandes d'indemnisation., Ils doivent montrer l'adresse e-mail de l'assureur et les numéros de téléphone internationaux pour obtenir des conseils/autorisations et faire des réclamations., True,58.23918734904537,0.0,70.28628510210439,0.6342285127282832
"Q: Japanese judoka Hitoshi Saito, winner of two Olympic gold medals, has died at the age of 54.
A:","Le judoka japonais Hitoshi Saito, vainqueur de deux médailles d'or olympiques, est mort à l'âge de 54 ans."," Le judoka japonais Hitoshi Saito, vainqueur de deux médailles d'or olympiques, est décédé à l'âge de 54 ans."," Hitoshi Saito, a judoka who won two Olympic gold medals, has died at the age of 54.",90.2452175607771,13.061878623095632,92.16981911093826,26.561730153502012
"Q: Boomerang throwing is a popular skill that many tourists want to acquire.
A:",Le lancer de Boomerang est une compétence populaire que de nombreux touristes veulent acquérir., Le lancer de boomerang est une compétence populaire que de nombreux touristes veulent acquérir., Le lancer de boomerang est une compétence populaire que de nombreux touristes veulent acquérir.,87.87419089273847,87.87419089273847,94.04290196354039,94.04290196354039
"Q: Nowadays air travel is only rarely booked directly through the airline without first searching and comparing prices.
A:","De nos jours, il est rare que les gens réservent leur vol directement via la compagnie aérienne sans avoir préalablement recherché et comparé les prix."," Aujourd'hui, le voyage aérien n'est réservé que rarement directement par l'avion sans d'abord rechercher et comparer les prix.", Nowadays air travel is only rarely booked directly through the airline without first searching and comparing prices.,6.54866065762502,1.2496576442016178,35.62781149038729,14.878810169353383
"Q: For most countries, you will need an offer letter from the institution you wish to study at, and also evidence of funds to support yourself for at least the first year of your course.
A:","Pour la plupart des pays, vous aurez besoin d’une lettre d'acceptation de l’établissement dans lequel vous souhaitez étudier, ainsi que d’une preuve de fonds suffisants pour subvenir à vos besoins au moins pendant la première année de votre cursus."," Pour la plupart des pays, vous aurez besoin d'une lettre d'offre de l'institution à laquelle vous souhaitez étudier, ainsi que des preuves de fonds pour vous soutenir pendant au moins la première année de votre cours.<eos>"," For most countries, you will need an offer letter from the institution you wish to study at, and also evidence of funds to support yourself for at least the first year of your course.",39.86046595578142,0.6855166299826051,60.872849792160366,13.830474257014934
"Q: However, the reduction of the threat level to severe does not mean the overall threat has gone away.""
A:","Toutefois, la réduction du niveau de menace à un niveau critique ne signifie pas que la menace globale a disparu »."," Cependant, la réduction du niveau de menace à sévère ne signifie pas que la menace globale a disparu.", The threat level has not gone away.,64.45315408910275,0.4533060144624593,73.27543476264918,5.530830863117924
"Q: Computers today are used to manipulate pictures and videos.
A:","De nos jours, les ordinateurs sont utilisés pour modifier des photos et des vidéos.", Les ordinateurs d'aujourd'hui sont utilisés pour manipuler des images et des vidéos., True,33.903873897946234,0.0,56.822826627771995,1.0563380281690142
"Q: Mr. Rudd's decision to sign the Kyoto climate accord isolates the United States, which will now be the only developed nation not to ratify the agreement.
A:","La décision de M. Rudd de signer le protocole de Kyoto isole les États-Unis, qui est désormais le seul pays développé à ne pas avoir ratifié cet accord."," La décision de M. Rudd de signer l'accord de Kyoto isole les États-Unis, qui deviendront ainsi le seul pays développé qui n'aura pas ratifié l'accord.<eos>"," The Kyoto Protocol is an international treaty that was adopted in 1997 with the aim of reducing greenhouse gas emissions. The treaty was signed by 191 countries, but the United States did not ratify it. The United States has",48.372009409628454,1.2165013609501771,65.1762510178568,18.74986929595319
"Q: A contagious disease is a disease which is easily transmitted by being in the vicinity of an infected person.
A:",Une maladie contagieuse est une maladie facilement transmissible lorsqu’on se trouve à proximité d’une personne infectée., Une maladie contagieuse est une maladie qui se transmet facilement en étant dans le voisinage d'une personne infectée., True,44.245528772019775,0.0,60.58129196075017,0.7009345794392525
"Q: 21-year-old Jesus joined Manchester City last year in January 2017 from Brazilian club Palmeiras for a reported fee of £27 million.
A:","Jesus, 21 ans, a rejoint Manchester City l’année dernière en janvier 2017, en provenance du club brésilien Palmeiras, pour un montant annoncé de 27 millions de livres sterling."," Jesus, 21 anos, juntou-se ao Manchester City no ano passado em Janeiro de 2017 do clube brasileiro Palmeiras por um valor de £27 milhões.<eos>", 21-year-old Jesus joined Manchester City last year in January 2017 from Brazilian club Palmeiras for a reported fee of £27 million.,6.875312419671496,4.511857631484253,28.47081043403923,27.177995903297735
"Q: With this arrangement in place, this freedom might end.
A:","Avec cet arrangement en place, cette liberté pourrait prendre fin."," Avec cette disposition en place, cette liberté pourrait s'arrêter."," The freedom of the press is a fundamental right in the United States. It is protected by the First Amendment to the Constitution, which states that ""Congress shall make no law respecting an establishment of religion, or prohibiting the free exercise thereof; or abrid",34.79159475128446,0.7716270058689811,58.825138198627,13.379667684322124
"Q: China's GDP could be larger than the United States within two decades.
A:",Le PIB de la Chine pourrait dépasser celui des États-Unis au cours des deux décennies à venir., La Chine pourrait avoir un PIB plus grand que les États-Unis dans les deux décennies., True,16.631489479245065,0.0,45.35944554623784,0.9493670886075951
"Q: Tropical Storm Danielle, fourth named storm of the 2010 Atlantic hurricane season, has formed in the eastern Atlantic Ocean.
A:","La tempête tropicale Danielle, quatrième tempête nommée de la saison des ouragans atlantiques 2010, s'est formée dans l'est de l'océan Atlantique."," La tempête tropicale Danielle, la quatrième tempête nommée de la saison des ouragans de l'Atlantique 2010, s'est formée dans l'océan Atlantique oriental."," Tropical Storm Danielle, fourth named storm of the 2010 Atlantic hurricane season, has formed in the eastern Atlantic Ocean.",77.277718353937,2.850120701510362,84.46629417607583,24.440257905949363
"Q: The world has over 5,000 different languages, including more than twenty with 50 million or more speakers.
A:","Le monde compte plus de 5000 langues différentes, dont une vingtaine avec 50 millions de locuteurs ou plus."," Le monde compte plus de 5000 langues différentes, dont plus de vingt avec 50 millions de locuteurs.", Vrai,63.38077054689597,0.0,82.29467949595096,1.1028887558103062
"Q: Cold weather is perhaps the only real danger the unprepared will face.
A:",Des températures basses sont peut-être le seul vrai danger auquel devront se confronter ceux qui ne sont pas préparés., Le mauvais temps est peut-être le seul danger réel que les non préparés vont affronter., True,15.149285046850755,0.0,35.1690231027333,0.9933328714075648
"Q: General James Ewing would take 700 militia across the river at Trenton Ferry, seize the bridge over the Assunpink Creek and prevent any enemy troops from escaping.
A:","Le général James Ewing fera traverser la rivière à 700 miliciens à Trenton Ferry, s'emparera du pont sur l'Assunpink Creek et empêchera les troupes ennemies de s'échapper."," Général James Ewing prendrait 700 miliciens à travers le pont de Trenton Ferry, saisirait le pont sur la rivière Assunpink et empêcherait tout soldat ennemi de s'échapper."," General James Ewing would take 700 militia across the river at Trenton Ferry, seize the bridge over the Assunpink Creek and prevent any enemy troops from escaping.",28.797875590373046,11.100791507533007,56.39668825648676,33.98294391450077
"Q: They are listed on the UNESCO World Heritage List.
A:",Ils sont inscrits sur la liste du patrimoine mondial de l’UNESCO., Ils sont inscrits sur la liste du patrimoine mondial de l'UNESCO.," The Great Wall of China is a series of fortifications made of stone, brick, tamped earth, wood, and other materials, generally built along an east-to-west line across the historical northern borders of China to protect the Chinese states and empires",85.78928092681431,0.0,91.60079454294217,10.80910982087828
"Q: How would Io's gravity pull on me? If you stood on the surface of Io, you would weigh less than you do on Earth.
A:","Comment la gravité d’Io pourrait-elle m’affecter ? Si vous vous teniez sur la surface d’Io, vous pèseriez moins que sur Terre."," Si vous étiez sur la surface d'Io, vous peseriez moins que sur Terre.", Io's gravity would pull on you with a force of 1.81 N.,20.610997732669706,0.7907405981839806,46.670904531519,7.889903206537024
"Q: Tourist visits are costly, demand physical fitness, can only take place in summer Nov-Feb, and are largely limited to the Peninsula, Islands and Ross Sea.
A:","Les visites touristiques sont coûteuses, exigent une bonne condition physique, ne peuvent avoir lieu qu'en été (de novembre à février) et sont largement limitées à la péninsule, aux îles, et à la mer de Ross."," Les visites touristiques sont coûteuses, nécessitent une bonne condition physique, ne peuvent se faire que pendant l'été, de novembre à février, et sont principalement limitées à la péninsule, aux îles et à la mer de Ross.", The Antarctic Treaty System (ATS) was established in 1959 to ensure that Antarctica remains a place of peace and science. The treaty is a legally binding agreement between 54 countries that have signed it. The treaty is administered by the,61.74871937318937,0.8380183525103547,77.26319243509454,14.370708182489519
"Q: Visa requirements and costs vary from nation to nation and are affected by the country you come from.
A:","Les obligations de visa et les frais afférents varient d'un pays à l'autre, et dépendent du pays d'où vous venez.", Les exigences et les coûts de visa varient d'un pays à l'autre et sont affectés par le pays d'où vous venez., True,50.587954680701216,0.0,56.08078209141609,0.7894736842105263
"Q: Residents from other areas often cite family-friendliness as a primary reason for moving there, and visitors often find the city easy to enjoy with children around.
A:","Les résidents d’autres régions citent souvent la convivialité familiale comme raison principale de leur installation, et les visiteurs trouvent souvent la ville facile à apprécier avec des enfants à côté."," Les résidents d'autres régions citent souvent la convivialité familiale comme une raison principale pour s'y installer, et les visiteurs trouvent souvent la ville facile à apprécier avec des enfants."," The city is a great place to raise a family. It has a low crime rate, good schools, and a variety of activities for children.",71.01888765406311,0.9442343925652195,82.9148851251712,11.852412472515352
"Q: Maroochydore then defeated Caboolture in the Preliminary Final.
A:",Maroochydore a ensuite battu Caboolture lors de la finale préliminaire., Maroochydore a ensuite battu Caboolture en demi-finale., Maroochydore then defeated Caboolture in the Preliminary Final.,49.482875914442154,19.032892442937786,62.016722983285014,36.799815730423695
"Q: Basically, they fall into two categories: Either work while you travel or try and limit your expenses. This article is focused on the latter.
A:","En gros, on peut les classer en deux catégories : soit vous travaillez pendant votre voyage, soit vous essayez de limiter vos dépenses. Le présent article porte essentiellement sur cette dernière catégorie."," Essentiellement, ils se divisent en deux catégories: soit travailler pendant que vous voyagez, soit essayer de limiter vos dépenses. Cet article est axé sur la seconde."," The first thing to do is to make a list of all the things you need to do while you are away. This will include things like paying bills, getting mail, and taking care of your pets.",19.702825452553633,1.1775510232018285,49.41558547937339,12.050584555126816
"Q: Sanskrit is an ancient language and is comparable to the Latin language spoken in Europe.
A:","Le sanskrit est une langue ancienne, celle-ci est comparable à la langue latine parlée en Europe.", Le sanskrit est une langue ancienne et comparable à la langue latine parlée en Europe., False,71.54775681750414,0.0,84.42844593155704,1.2551939058171746
"Q: In 1994, the ethnically Armenian Nagorno-Karabakh region of Azerbaijan waged war against the Azeris.
A:","En 1994, la région azerbaïdjanaise du Haut-Karabakh, ethniquement arménienne, a mené une guerre contre les Azéris."," En 1994, la région ethniquement arménienne de Nagorno-Karabakh en Azerbaïdjan a fait la guerre aux Azerbaïdjanais.", The war was a result of the Nagorno-Karabakh region of Azerbaijan wanting to secede from Azerbaijan and join Armenia. The war lasted from 1992 to 1994. The war was a result of the Nag,32.541852898066445,8.47400567745194,53.99769261640757,20.332286676422523
"Q: Since moving to the Catalan-capital, Vidal had played 49 games for the club.
A:","Depuis son arrivée dans la capitale catalane, Vidal a joué 49 matchs pour le club."," Depuis son arrivée à Barcelone, Vidal a joué 49 matchs pour le club."," Depuis son arrivée à Barcelone, Vidal a joué 49 matchs pour le club.",67.71164277807225,67.71164277807225,70.41297391350228,70.41297391350228
"Q: Turkey's area, including lakes, occupies 783,562 square kilometres (300,948 sq mi), of which 755,688 square kilometres (291,773 sq mi) are in south west Asia and 23,764 square kilometres (9,174 sq mi) in Europe.
A:","La superficie de la Turquie, lacs compris, est de 783 562 kilomètres carrés, dont 755 688 kilomètres carrés en Asie du Sud-Ouest et 23 764 kilomètres carrés en Europe."," La Turquie, y compris les lacs, occupe 783 562 kilomètres carrés (300 948 milles carrés), dont 755 688 kilomètres carrés (291 "," 783,562 km2",36.95359111386525,0.0032380311696312168,48.550494785657385,2.1122668185752063
"Q: Batten was ranked 190th on the 2008 400 Richest Americans list with an estimated fortune of $2.3 billion.
A:","En 2008, Batten a été classé 190e sur la liste des 400 Américains les plus riches, avec une fortune estimée à 2,3 milliards de dollars."," Batten a été classé 190e sur la liste des 400 plus riches Américains en 2008 avec une fortune estimée à 2,3 milliards de dollars.", True,74.47546578095063,0.0,84.52618047270411,0.6696428571428571
"Q: As the cars ahead of Alonso went in for fuel under the safety car, he moved up the pack to take victory.
A:","Alonso a profité que les voitures positionnées devant se sont arrêtées pour faire le plein de carburant durant la présence de la safety car, pour remonter le peloton et remporter la victoire."," Alors que les voitures devant Alonso se présentaient au ravitaillement sous le drapeau de sécurité, il a progressé dans le peloton pour remporter la victoire.<eos>"," Alonso's win was the first for a Ferrari since 2008, and the first for a Spaniard since 2006.",19.685856636143935,0.6567142134482588,40.690440154181665,9.44617830534006
"Q: The Angkor Pass is needed to enter the temple so do not forget to bring your passport along when heading to Tonle Sap.
A:","Le passe Angkor est obligatoire pour pénétrer dans le temple, alors n'oubliez pas de prendre votre passeport en vous rendant au Tonlé Sap."," Le passe d'Angkor est nécessaire pour entrer dans le temple, alors n'oubliez pas de vous munir de votre passeport lorsque vous vous dirigez vers le Tonle Sap.", The Angkor Pass is needed to enter the temple so do not forget to bring your passport along when heading to Tonle Sap.,34.386594191006786,3.357048186278233,58.53068761742848,21.923560085187493
"Q: A hospitality exchange network is the organization that connects travelers with locals in the cities they are going to visit.
A:",Un réseau d’échange d’hospitalité est l’organisation qui met en relation les voyageurs avec les habitants des villes qu’ils vont visiter., Un réseau d'échange d'hospitalité est l'organisation qui connecte les voyageurs avec les habitants des villes qu'ils vont visiter., False,52.62855233555269,0.0,71.44946249317469,1.228604291638895
