token_id,token
70536, Το
168495, Planting
160984, Vegetation
44812, Plants
21909, στη
222428, 生地
19729, 在
109098, สำหรับ
179322, Cryptocurrency
232994, オフィス
195931, Medications
212226, Mijn
141501, Tôi
39843, Saya
16980, Про
252297,㚐
52364, ผู้
168042, Myself
109909, Servicios
213756, Kijk
236671, Öffentlichkeit
246876,甑
51062, Programming
124322, Workforce
141203, Darüber
92548, Người
211428, สิน
176413, お客様
26529, Μ
201523, Tecnología
246532,砦
184702, Desenvolvimento
187810, Configuring
172611, Allowing
23327, ของ
19304, ใน
171683, Prosperity
180817, Εκ
33128, Something
196281, Anpass
63274, Một
252008,ຯ
228700, これらの
219009, Tecnologia
183664,ilikom
90650, 子供
11809, Party
109636, Οι
135022, สิ่ง
27777, この
79767, Providing
101968, Αν
109737, Coins
205726, Ovaj
140049, 조선
131767, 動画
160886, Ζ
122531, Σε
45745, Под
89357, Allows
51697, Trees
206391, Vertrieb
111666, Tooth
20607, Having
230378, 店舗
199413, Skilled
165082, Soils
201472, Beschäft
48969, Facility
191198, Achieve
126871, Sebagai
122669, โรง
194566, PublicKey
45026, Η
193737, Rainfall
171241, Vessels
123366, Produk
40678, Jobs
148954, ஆகியவை
35880, VIII
90304, wobei
192347, 特定
86434,を持つ
213157, μιας
135373, Regierung
94361, Offering
39936, Coin
113595, アクセサリー
151644, 男性用
207109, Jako
125416, 入れ
152344, Για
187912, Hệ
232920, Serviços
14957, της
119347, 両
48461, Β
72180, Aircraft
42062, Cells
83965, Những
